Age,MP,PTS,TRB,AST,STL,BLK,FG%,3P%,FT%,WS,WS/48,Team_Win%,League_Rank,MOV,ORtg,DRtg,Pace,FTr,eFG%,TOV%,ORB%,DRB%,opponent_eFG%,opponnent_TOV%
21,12.9,5.5,3.7,0.5,0.4,0.5,0.57,,0.506,1.1,0.098,0.47826087,20,-1.52,108.6,110.1,97.2,0.253,0.534,13.8,19.2,77.1,0.531,13.6
24,2.6,0.3,0.4,0.3,0,0,0.125,0,,-0.1,-0.246,0.644444444,5,6.71,116.8,110.3,101.9,0.229,0.566,12.2,23.8,80.3,0.532,11.4
27,27.8,8,9.2,2.1,0.9,0.6,0.62,0,0.462,2.6,0.114,0.444444444,19,0.58,116.6,116,98.5,0.284,0.55,12.4,27.2,79.8,0.559,11.7
23,33.7,19.2,9.5,5.4,0.9,1.1,0.559,0.286,0.844,5.1,0.195,0.47826087,20,-1.52,108.6,110.1,97.2,0.253,0.534,13.8,19.2,77.1,0.531,13.6
35,25.9,13.7,4.5,1.7,0.4,0.9,0.464,0.36,0.838,0.9,0.077,0.534883721,17,-0.81,109.8,110.6,99.2,0.231,0.517,10.3,18.7,78,0.535,12.2
22,2.7,0,0.3,0.3,0,0,0,0,,-0.1,-0.319,0.688888889,3,6.38,115.4,108.9,97.1,0.209,0.559,12.1,20.2,78.5,0.52,12.1
22,18.3,8.9,2.6,1.9,1,0.4,0.415,0.323,0.821,0.5,0.037,0.444444444,19,0.58,116.6,116,98.5,0.284,0.55,12.4,27.2,79.8,0.559,11.7
25,24.3,9.6,3.1,2.2,1.1,0.1,0.406,0.397,0.894,1.4,0.104,0.488372093,16,0.14,110.2,110,100.8,0.222,0.518,11.8,24.3,79.6,0.544,14.3
22,26.7,11.2,10.4,1.7,0.6,1.6,0.677,,0.754,1.4,0.217,0.318181818,6,4.15,118.4,114.3,99.6,0.262,0.577,12.4,21.7,77.7,0.536,11.1
22,29.1,13.7,9.7,1.7,0.3,1.7,0.638,0.4,0.7,3.4,0.195,0.369565217,26,-7.5,105.1,112.7,97.4,0.257,0.504,14,24.9,75.8,0.55,14
30,20.7,4.7,4.7,1.5,1,0.5,0.357,0.25,0.813,0.1,0.017,0.326086957,28,-6.65,105.7,112.5,98.4,0.217,0.498,11.9,21.8,80.2,0.544,11.5
27,27.1,12.8,5.8,3.3,1.1,0.6,0.478,0.369,0.771,2.8,0.135,0.488372093,16,0.14,110.2,110,100.8,0.222,0.518,11.8,24.3,79.6,0.544,14.3
26,34.2,29,11.7,6.4,1.2,1.3,0.562,0.299,0.679,7.1,0.25,0.644444444,5,6.71,116.8,110.3,101.9,0.229,0.566,12.2,23.8,80.3,0.532,11.4
23,5.3,1,2.3,0,0.3,0.5,0.333,,0.5,-0.1,-0.163,0.638297872,8,4.68,110.7,106,98.9,0.277,0.541,13.6,22.6,79.8,0.519,13.3
28,8.4,2.2,2,0.6,0.3,0.2,0.596,0.222,0.462,0.5,0.089,0.644444444,5,6.71,116.8,110.3,101.9,0.229,0.566,12.2,23.8,80.3,0.532,11.4
36,25.8,14,3.3,1.7,0.9,0.7,0.416,0.383,0.858,1.3,0.061,0.608695652,9,-0.72,116.8,117.6,98,0.234,0.536,10.2,22.9,76.4,0.555,11.5
20,26.7,11,4.4,3.8,0.7,0.4,0.375,0.325,0.836,-0.1,-0.007,0.326086957,28,-6.65,105.7,112.5,98.4,0.217,0.498,11.9,21.8,80.2,0.544,11.5
23,33.4,14,5.7,1.6,1.8,0.8,0.487,0.4,0.745,1.7,0.096,0.391304348,23,-0.09,112.7,112.8,99.7,0.246,0.535,12.1,20.4,76,0.542,14.4
26,11.3,3.4,1.6,1.2,0.3,0,0.403,0.318,0.75,0.5,0.082,0.431818182,22,-0.98,111.1,112,100.6,0.211,0.549,14.1,22,79.6,0.537,11.9
35,12.5,2.5,2,1,0.5,1,0.25,0.2,,0,-0.004,0.47826087,20,-1.52,108.6,110.1,97.2,0.253,0.534,13.8,19.2,77.1,0.531,13.6
33,19.3,6.1,1.4,3,0.5,0,0.37,0.38,0.9,1.3,0.086,0.644444444,5,6.71,116.8,110.3,101.9,0.229,0.566,12.2,23.8,80.3,0.532,11.4
33,20,7,3,3,1,0,0.333,0.5,1,0.1,0.172,0.288888889,29,-6.07,105.6,111.6,101.3,0.251,0.512,12.8,19.1,76.8,0.537,13.4
20,22,6,4.5,1.2,0.6,0.2,0.435,0.324,0.619,0.6,0.033,0.363636364,25,-4.89,109.6,114.2,104.2,0.302,0.526,12.6,19.9,76.9,0.545,12.8
22,30.3,14.5,10.9,1.5,0.4,1.1,0.604,0.235,0.748,4.7,0.181,0.688888889,3,6.38,115.4,108.9,97.1,0.209,0.559,12.1,20.2,78.5,0.52,12.1
21,4.1,1,1.1,0,0.1,0.3,0.571,,0.667,0.1,0.102,0.755555556,1,8.8,118,109.1,98.9,0.25,0.564,12.7,25.3,78.4,0.508,10.4
25,25.1,10.1,2.9,1.1,0.5,0.1,0.398,0.336,0.855,0.5,0.021,0.326086957,28,-6.65,105.7,112.5,98.4,0.217,0.498,11.9,21.8,80.2,0.544,11.5
21,25.7,13.9,7.4,0.9,0.5,0.5,0.502,0.354,0.56,1.1,0.054,0.456521739,21,-3.8,114.6,118.4,100,0.258,0.551,12,22.9,76,0.559,11.4
19,28.6,15.9,5.9,6.1,1.6,0.3,0.451,0.375,0.789,2.8,0.115,0.511111111,15,-0.69,111.9,112.6,99.3,0.246,0.542,13.9,23.5,76.5,0.553,13.5
23,31.7,14.2,4.2,5.6,1.3,0.6,0.425,0.385,0.767,2.3,0.091,0.444444444,19,0.58,116.6,116,98.5,0.284,0.55,12.4,27.2,79.8,0.559,11.7
22,10.2,4.6,3.9,0.3,0.1,0.9,0.477,0.281,0.571,0.5,0.109,0.326086957,28,-6.65,105.7,112.5,98.4,0.217,0.498,11.9,21.8,80.2,0.544,11.5
22,22.5,9.6,2.9,1.3,0.7,0.1,0.486,0.449,0.862,1.5,0.093,0.488372093,16,0.14,110.2,110,100.8,0.222,0.518,11.8,24.3,79.6,0.544,14.3
28,35.7,16.4,6.4,3.6,0.7,0.2,0.498,0.374,0.83,3.1,0.108,0.456521739,21,-3.8,114.6,118.4,100,0.258,0.551,12,22.9,76,0.559,11.4
20,33.7,17.3,6.1,3,0.7,0.2,0.453,0.348,0.73,2.2,0.074,0.52173913,14,0.57,109.2,108.6,96.1,0.249,0.514,12.4,23.6,79.2,0.514,11.7
30,30.8,12.9,4.1,3.2,0.8,0.4,0.443,0.387,0.746,1.6,0.064,0.608695652,7,5.09,117.9,112.8,96.8,0.211,0.563,11.9,24.7,77.9,0.547,13
25,7.4,2.1,1.3,0.4,0.4,0.1,0.344,0.333,0.7,0.2,0.079,0.534883721,17,-0.81,109.8,110.6,99.2,0.231,0.517,10.3,18.7,78,0.535,12.2
32,28.7,8.9,4.7,2.3,1.2,0.3,0.477,0.436,0.854,3.4,0.14,0.659574468,4,6.32,118.2,111.7,97.3,0.231,0.566,11.8,22.5,79.9,0.537,12
34,19.4,6.2,5.6,0.9,0.3,0.4,0.424,0.25,0.719,0.6,0.041,0.391304348,23,-0.09,112.7,112.8,99.7,0.246,0.535,12.1,20.4,76,0.542,14.4
31,16.5,6.1,2.9,1.6,0.8,0.5,0.443,0.402,0.714,0.9,0.064,0.47826087,18,-1.22,109.4,110.6,102.7,0.249,0.54,13,17.1,76.3,0.524,13.2
20,30.7,11.9,7.5,1.5,0.5,0.6,0.392,0.29,0.704,-0.2,-0.007,0.422222222,24,-5.91,105.2,111.1,100.2,0.233,0.522,13.4,18.2,78.3,0.534,11.7
27,35.8,32.1,5.1,4.7,1.3,0.4,0.489,0.337,0.899,3.9,0.138,0.363636364,25,-4.89,109.6,114.2,104.2,0.302,0.526,12.6,19.9,76.9,0.545,12.8
24,33.1,20.5,4.6,2.5,0.8,0.2,0.455,0.406,0.847,1.6,0.07,0.239130435,30,-8,106.9,114.7,101.5,0.231,0.51,12.5,22.1,75.9,0.55,13.2
26,16.7,3.3,5.3,1.7,0.3,1,0.333,0,,0,-0.036,0.363636364,25,-4.89,109.6,114.2,104.2,0.302,0.526,12.6,19.9,76.9,0.545,12.8
26,17.4,4.7,2.3,1.9,0.7,0.3,0.532,0.333,0.682,0.7,0.06,0.391304348,23,-0.09,112.7,112.8,99.7,0.246,0.535,12.1,20.4,76,0.542,14.4
28,24.7,10.8,2.9,0.9,0.6,0.2,0.389,0.382,0.853,1.4,0.076,0.363636364,25,-4.89,109.6,114.2,104.2,0.302,0.526,12.6,19.9,76.9,0.545,12.8
32,23.8,8.3,3.7,2.1,0.9,0.8,0.442,0.42,0.795,1.9,0.132,0.659574468,4,6.32,118.2,111.7,97.3,0.231,0.566,11.8,22.5,79.9,0.537,12
21,24.2,10.5,4.1,1.2,0.7,0.1,0.404,0.386,0.878,1.9,0.093,0.266666667,27,-3.93,108.2,112.2,97.4,0.276,0.513,13.1,22.2,76.8,0.545,13.3
22,3.5,1,1,0.2,0,0.2,0.25,0,0.5,0,-0.066,0.522727273,10,0.77,114.4,113.6,97.5,0.251,0.548,11.3,19.8,77.7,0.537,11.4
28,20,5.4,5.2,1,0.6,0.6,0.471,0.222,0.727,2.1,0.125,0.326086957,28,-6.65,105.7,112.5,98.4,0.217,0.498,11.9,21.8,80.2,0.544,11.5
21,9.1,3.5,2.1,0.3,0.2,1,0.468,0.136,0.696,0.4,0.103,0.477272727,13,0.3,111.7,111.4,100,0.227,0.541,12.2,20.1,76.5,0.537,13.5
28,21.7,5.4,5.4,1.3,0.3,1.2,0.563,0,0.47,1.5,0.082,0.511111111,15,-0.69,111.9,112.6,99.3,0.246,0.542,13.9,23.5,76.5,0.553,13.5
32,17.2,7.4,4,2,0.3,0.1,0.463,0.286,0.762,0.4,0.049,0.456521739,21,-3.8,114.6,118.4,100,0.258,0.551,12,22.9,76,0.559,11.4
31,29.1,11.5,3.4,3.8,0.7,0.3,0.422,0.369,0.656,1.1,0.045,0.444444444,19,0.58,116.6,116,98.5,0.284,0.55,12.4,27.2,79.8,0.559,11.7
25,5.2,0.4,0.2,0.4,0.2,0,0.182,0,,-0.2,-0.198,0.608695652,9,-0.72,116.8,117.6,98,0.234,0.536,10.2,22.9,76.4,0.555,11.5
28,23.1,9.5,3.4,2.3,0.4,0.2,0.387,0.33,0.923,0.4,0.046,0.5,12,1.52,115,113.5,97.3,0.282,0.532,12.4,25.6,76.8,0.526,11.3
31,30.4,15.1,3.9,1.9,0.5,0,0.417,0.384,0.871,2.5,0.098,0.755555556,1,8.8,118,109.1,98.9,0.25,0.564,12.7,25.3,78.4,0.508,10.4
21,5.2,2,0.7,0.3,0.1,0.3,0.483,0.5,0.5,0,0.018,0.608695652,7,5.09,117.9,112.8,96.8,0.211,0.563,11.9,24.7,77.9,0.547,13
22,4.8,1.2,1,0,0.3,0.3,0.333,,0.625,0,0.065,0.369565217,26,-7.5,105.1,112.7,97.4,0.257,0.504,14,24.9,75.8,0.55,14
23,14,4,1.7,1.3,0.1,0,0.426,0.313,,0.2,0.056,0.326086957,28,-6.65,105.7,112.5,98.4,0.217,0.498,11.9,21.8,80.2,0.544,11.5
21,12.2,2.2,2,0.6,0.3,0.2,0.375,0.324,0.75,0.1,0.01,0.363636364,25,-4.89,109.6,114.2,104.2,0.302,0.526,12.6,19.9,76.9,0.545,12.8
24,34,25.2,3.9,4.6,0.8,0.3,0.496,0.357,0.834,2.7,0.103,0.688888889,3,6.38,115.4,108.9,97.1,0.209,0.559,12.1,20.2,78.5,0.52,12.1
28,23.9,14.1,6.3,1,0.5,1.9,0.54,0.433,0.757,4.5,0.215,0.391304348,23,-0.09,112.7,112.8,99.7,0.246,0.535,12.1,20.4,76,0.542,14.4
22,3.5,1.5,0.5,0,0,0,0.5,,1,0,0.114,0.477272727,13,0.3,111.7,111.4,100,0.227,0.541,12.2,20.1,76.5,0.537,13.5
30,21.1,8.5,1.8,1.4,0.7,0.1,0.47,0.421,0.778,0.3,0.079,0.47826087,20,-1.52,108.6,110.1,97.2,0.253,0.534,13.8,19.2,77.1,0.531,13.6
23,13.4,4.8,4.9,0.9,0.2,0.6,0.642,0,0.556,1.2,0.224,0.695652174,2,5.24,112.8,107.6,100.6,0.298,0.542,13.6,24.1,78.8,0.518,13.3
24,2.6,1,0.6,0,0.1,0.1,0.4,0.429,,0.1,0.096,0.755555556,1,8.8,118,109.1,98.9,0.25,0.564,12.7,25.3,78.4,0.508,10.4
22,1.8,0.5,0.5,0.3,0,0,0,,1,0,0.031,0.52173913,14,0.57,109.2,108.6,96.1,0.249,0.514,12.4,23.6,79.2,0.514,11.7
24,32.4,13.7,4.9,2.4,0.8,0.9,0.538,0.425,0.831,5,0.182,0.688888889,3,6.38,115.4,108.9,97.1,0.209,0.559,12.1,20.2,78.5,0.52,12.1
22,26.3,9.8,5.6,2,0.7,0.7,0.502,0.378,0.9,1.9,0.083,0.511111111,15,-0.69,111.9,112.6,99.3,0.246,0.542,13.9,23.5,76.5,0.553,13.5
28,35.6,21.6,4.7,6.1,1.1,0.2,0.46,0.398,0.877,3.2,0.108,0.477272727,13,0.3,111.7,111.4,100,0.227,0.541,12.2,20.1,76.5,0.537,13.5
25,29,15.6,2.9,2.5,1.3,0.4,0.387,0.324,0.849,0,0.001,0.488372093,16,0.14,110.2,110,100.8,0.222,0.518,11.8,24.3,79.6,0.544,14.3
24,20.6,8.3,4.5,1.4,0.7,0.3,0.558,0.257,0.714,2.2,0.134,0.318181818,6,4.15,118.4,114.3,99.6,0.262,0.577,12.4,21.7,77.7,0.536,11.1
24,34.1,24.6,5.5,3.9,1.3,0.5,0.487,0.395,0.755,3.4,0.123,0.5,11,1.17,114.2,113,97.9,0.239,0.543,12.4,25,77.2,0.54,12.9
21,14.1,6.8,5.6,0.3,0.4,1,0.593,,0.594,0.8,0.208,0.422222222,24,-5.91,105.2,111.1,100.2,0.233,0.522,13.4,18.2,78.3,0.534,11.7
25,23.6,7.2,4.4,1.6,0.9,0.2,0.416,0.377,0.9,1.4,0.072,0.288888889,29,-6.07,105.6,111.6,101.3,0.251,0.512,12.8,19.1,76.8,0.537,13.4
21,13.6,4.1,3,0.9,0.2,0.2,0.357,0.273,0.667,-0.2,-0.034,0.363636364,25,-4.89,109.6,114.2,104.2,0.302,0.526,12.6,19.9,76.9,0.545,12.8
24,24.4,12.2,3.4,3.2,0.5,0,0.529,0.405,0.826,2.6,0.137,0.522727273,10,0.77,114.4,113.6,97.5,0.251,0.548,11.3,19.8,77.7,0.537,11.4
23,27.1,14.3,6.1,1.5,0.4,0.8,0.648,0.429,0.667,0.9,0.16,0.363636364,25,-4.89,109.6,114.2,104.2,0.302,0.526,12.6,19.9,76.9,0.545,12.8
29,27.7,9.3,3.4,1.3,0.7,0.2,0.417,0.393,0.852,1.8,0.08,0.52173913,14,0.57,109.2,108.6,96.1,0.249,0.514,12.4,23.6,79.2,0.514,11.7
28,15.2,7,0.9,1.5,0.6,0.1,0.454,0.391,0.871,1.1,0.087,0.522727273,10,0.77,114.4,113.6,97.5,0.251,0.548,11.3,19.8,77.7,0.537,11.4
29,25.6,12.3,4.4,2.2,0.8,0.3,0.413,0.396,0.847,1.8,0.109,0.52173913,14,0.57,109.2,108.6,96.1,0.249,0.514,12.4,23.6,79.2,0.514,11.7
31,33.6,21.6,7.8,7.5,2,0.4,0.479,0.216,0.854,5.1,0.25,0.47826087,20,-1.52,108.6,110.1,97.2,0.253,0.534,13.8,19.2,77.1,0.531,13.6
25,6,2.8,2.3,0.2,0,0.3,0.471,0,0.5,-0.1,-0.073,0.288888889,29,-6.07,105.6,111.6,101.3,0.251,0.512,12.8,19.1,76.8,0.537,13.4
24,4.3,2,1.4,0.1,0.4,0,0.875,,0,0.1,0.22,0.638297872,8,4.68,110.7,106,98.9,0.277,0.541,13.6,22.6,79.8,0.519,13.3
27,26.1,8.4,2.4,1.4,0.8,0.3,0.429,0.403,0.855,2,0.094,0.638297872,8,4.68,110.7,106,98.9,0.277,0.541,13.6,22.6,79.8,0.519,13.3
29,17.6,5,1.3,2.7,1,0.2,0.381,0.353,0.805,1.2,0.094,0.608695652,7,5.09,117.9,112.8,96.8,0.211,0.563,11.9,24.7,77.9,0.547,13
23,5.9,1.4,1.2,0.3,0.3,0.1,0.387,0.188,0.833,0,0.009,0.608695652,7,5.09,117.9,112.8,96.8,0.211,0.563,11.9,24.7,77.9,0.547,13
26,29.2,14.4,14.2,0.9,0.7,2.3,0.577,,0.539,4.2,0.194,0.5,12,1.52,115,113.5,97.3,0.282,0.532,12.4,25.6,76.8,0.526,11.3
19,3.7,0.5,1.3,0.2,0,0.2,0.333,0,0.5,0,0.019,0.511111111,15,-0.69,111.9,112.6,99.3,0.246,0.542,13.9,23.5,76.5,0.553,13.5
25,9.7,2.8,1.2,1.2,0.4,0.2,0.372,0.328,1,0.6,0.093,0.688888889,3,6.38,115.4,108.9,97.1,0.209,0.559,12.1,20.2,78.5,0.52,12.1
21,25.1,11.2,7.8,2.2,0.6,0.8,0.508,0.364,0.743,2.1,0.133,0.431818182,22,-0.98,111.1,112,100.6,0.211,0.549,14.1,22,79.6,0.537,11.9
29,26.5,9.1,4.5,4.3,0.5,0.5,0.409,0.243,0.723,0,-0.002,0.326086957,28,-6.65,105.7,112.5,98.4,0.217,0.498,11.9,21.8,80.2,0.544,11.5
26,19.8,5.7,2.9,2.4,1,0.2,0.416,0.392,0.706,1.4,0.101,0.638297872,8,4.68,110.7,106,98.9,0.277,0.541,13.6,22.6,79.8,0.519,13.3
27,17.1,5.5,4.3,0.7,0.3,0.8,0.622,0.125,0.66,1.8,0.147,0.522727273,10,0.77,114.4,113.6,97.5,0.251,0.548,11.3,19.8,77.7,0.537,11.4
25,9.1,3.5,1.1,2.4,0.3,0.3,0.362,0.391,0.769,0.3,0.096,0.318181818,6,4.15,118.4,114.3,99.6,0.262,0.577,12.4,21.7,77.7,0.536,11.1
23,13.5,6.5,6.5,1,0,1,0.357,0.2,0.5,0,-0.03,0.47826087,18,-1.22,109.4,110.6,102.7,0.249,0.54,13,17.1,76.3,0.524,13.2
26,18.5,3.4,3.3,0.9,0.4,0.2,0.302,0.28,0.8,0.2,0.016,0.326086957,28,-6.65,105.7,112.5,98.4,0.217,0.498,11.9,21.8,80.2,0.544,11.5
24,26.3,11.9,5.6,1.5,1.1,0.8,0.522,0.321,0.693,2.7,0.147,0.488372093,16,0.14,110.2,110,100.8,0.222,0.518,11.8,24.3,79.6,0.544,14.3
28,25.9,17.6,3.9,2.2,0.9,0.2,0.435,0.369,0.956,2.5,0.114,0.755555556,1,8.8,118,109.1,98.9,0.25,0.564,12.7,25.3,78.4,0.508,10.4
21,18.1,9.3,3.9,1,0.8,1.6,0.642,0,0.593,0.8,0.184,0.318181818,6,4.15,118.4,114.3,99.6,0.262,0.577,12.4,21.7,77.7,0.536,11.1
23,7.4,2.8,0.7,0.5,0.2,0,0.481,0.467,0.538,0.3,0.08,0.659574468,4,6.32,118.2,111.7,97.3,0.231,0.566,11.8,22.5,79.9,0.537,12
23,30.6,18.2,7.8,1.4,0.5,1.1,0.538,0.377,0.846,4.6,0.173,0.5,12,1.52,115,113.5,97.3,0.282,0.532,12.4,25.6,76.8,0.526,11.3
33,29.7,16.4,3.4,5.5,1.4,0.2,0.456,0.417,0.822,3.8,0.186,0.755555556,1,8.8,118,109.1,98.9,0.25,0.564,12.7,25.3,78.4,0.508,10.4
28,22,6.6,4.4,1.3,0.7,0.4,0.448,0.39,0.762,2.2,0.127,0.644444444,5,6.71,116.8,110.3,101.9,0.229,0.566,12.2,23.8,80.3,0.532,11.4
27,3.9,2.1,0.3,0.3,0.1,0.1,0.462,0.385,0.8,0.1,0.107,0.638297872,8,4.68,110.7,106,98.9,0.277,0.541,13.6,22.6,79.8,0.519,13.3
27,12.8,5,2,1.5,0.8,0,0.381,0.444,,0.1,0.049,0.369565217,26,-7.5,105.1,112.7,97.4,0.257,0.504,14,24.9,75.8,0.55,14
23,4.3,0.5,0.5,0.5,0,0,0.333,,,0,-0.046,0.318181818,6,4.15,118.4,114.3,99.6,0.262,0.577,12.4,21.7,77.7,0.536,11.1
23,9,1,3.5,0,0,0,0.5,,,0,0.04,0.266666667,27,-3.93,108.2,112.2,97.4,0.276,0.513,13.1,22.2,76.8,0.545,13.3
30,20.2,9.6,7.6,2.4,0.8,0.7,0.376,0.336,0.746,0.8,0.076,0.288888889,29,-6.07,105.6,111.6,101.3,0.251,0.512,12.8,19.1,76.8,0.537,13.4
30,32.5,8.5,6.6,1.7,1.6,1.2,0.395,0.363,0.828,1.5,0.054,0.608695652,9,-0.72,116.8,117.6,98,0.234,0.536,10.2,22.9,76.4,0.555,11.5
30,11.2,2.5,2.4,0.9,0.5,0.4,0.391,0.364,0.5,0.4,0.103,0.644444444,5,6.71,116.8,110.3,101.9,0.229,0.566,12.2,23.8,80.3,0.532,11.4
30,7,2,1,0,0,0,1,,,0,0.157,0.688888889,3,6.38,115.4,108.9,97.1,0.209,0.559,12.1,20.2,78.5,0.52,12.1
30,27.7,10,5,2.1,0.8,0.3,0.399,0.381,0.842,2.1,0.096,0.688888889,3,6.38,115.4,108.9,97.1,0.209,0.559,12.1,20.2,78.5,0.52,12.1
21,19.3,7.1,4.5,0.9,0.7,0.4,0.424,0.222,0.595,-0.1,-0.008,0.239130435,30,-8,106.9,114.7,101.5,0.231,0.51,12.5,22.1,75.9,0.55,13.2
30,29.6,12.9,2.2,2.9,0.9,0.2,0.462,0.432,0.918,2.3,0.111,0.695652174,2,5.24,112.8,107.6,100.6,0.298,0.542,13.6,24.1,78.8,0.518,13.3
32,33.7,29,5.3,6.2,1.4,0.1,0.475,0.408,0.93,5.2,0.191,0.47826087,18,-1.22,109.4,110.6,102.7,0.249,0.54,13,17.1,76.3,0.524,13.2
22,4,0,0,0,0,0,0,0,,0,-0.266,0.511111111,15,-0.69,111.9,112.6,99.3,0.246,0.542,13.9,23.5,76.5,0.553,13.5
27,32.8,22.5,8.4,3,1.3,1.8,0.533,0.293,0.715,3.2,0.203,0.638297872,8,4.68,110.7,106,98.9,0.277,0.541,13.6,22.6,79.8,0.519,13.3
31,13.9,2.3,5.1,1,0.5,0.5,0.419,,0.875,0.6,0.115,0.239130435,30,-8,106.9,114.7,101.5,0.231,0.51,12.5,22.1,75.9,0.55,13.2
23,14.8,7,2,1.1,0.5,0.2,0.413,0.364,0.889,0.3,0.027,0.391304348,23,-0.09,112.7,112.8,99.7,0.246,0.535,12.1,20.4,76,0.542,14.4
31,34.2,20.3,4.6,7.5,0.9,0.3,0.491,0.321,0.88,4.6,0.2,0.534883721,17,-0.81,109.8,110.6,99.2,0.231,0.517,10.3,18.7,78,0.535,12.2
24,5,2,2,2,0,1,0.5,,,0,0.343,0.644444444,5,6.71,116.8,110.3,101.9,0.229,0.566,12.2,23.8,80.3,0.532,11.4
22,23.8,11.9,5.2,2.4,1,0.4,0.481,0.293,0.629,1.2,0.078,0.422222222,24,-5.91,105.2,111.1,100.2,0.233,0.522,13.4,18.2,78.3,0.534,11.7
31,16.9,7.9,4.5,1.3,0.8,0.6,0.519,0.479,0.884,1.5,0.194,0.488372093,16,0.14,110.2,110,100.8,0.222,0.518,11.8,24.3,79.6,0.544,14.3
27,21.3,6.7,4.3,3,0.7,0.3,0.375,0.286,1,0.1,0.046,0.318181818,6,4.15,118.4,114.3,99.6,0.262,0.577,12.4,21.7,77.7,0.536,11.1
24,27.1,10.6,5.3,3.1,1.2,0.2,0.421,0.374,0.659,2.3,0.099,0.644444444,5,6.71,116.8,110.3,101.9,0.229,0.566,12.2,23.8,80.3,0.532,11.4
21,35.4,29,8.4,9.2,1,0.6,0.484,0.371,0.75,5.1,0.181,0.522727273,10,0.77,114.4,113.6,97.5,0.251,0.548,11.3,19.8,77.7,0.537,11.4
21,29.6,12.6,3.5,1.6,0.8,0.3,0.387,0.33,0.769,0.4,0.016,0.422222222,24,-5.91,105.2,111.1,100.2,0.233,0.522,13.4,18.2,78.3,0.534,11.7
26,18.7,6.7,1.9,2.2,0.4,0.1,0.393,0.274,0.714,0.2,0.015,0.369565217,26,-7.5,105.1,112.7,97.4,0.257,0.504,14,24.9,75.8,0.55,14
21,10,4,1,0,0,0,0.5,,,0,0.006,0.431818182,22,-0.98,111.1,112,100.6,0.211,0.549,14.1,22,79.6,0.537,11.9
20,13.1,3.9,2.2,0.6,0.4,0.1,0.344,0.25,0.75,-0.3,-0.033,0.266666667,27,-3.93,108.2,112.2,97.4,0.276,0.513,13.1,22.2,76.8,0.545,13.3
24,20,7.5,3.7,1.6,0.6,0.5,0.448,0.391,0.614,0.9,0.078,0.608695652,7,5.09,117.9,112.8,96.8,0.211,0.563,11.9,24.7,77.9,0.547,13
34,27,13.9,3.3,4.9,0.6,0.2,0.441,0.349,0.844,0.8,0.05,0.47826087,20,-1.52,108.6,110.1,97.2,0.253,0.534,13.8,19.2,77.1,0.531,13.6
27,28.9,17.5,13.5,2.6,1.6,1.2,0.474,0,0.597,0.8,0.05,0.369565217,26,-7.5,105.1,112.7,97.4,0.257,0.504,14,24.9,75.8,0.55,14
35,6.9,0.5,1.7,0.5,0.1,0.1,0.286,0.4,,0.1,0.082,0.638297872,8,4.68,110.7,106,98.9,0.277,0.541,13.6,22.6,79.8,0.519,13.3
32,35.7,29,7.3,5.3,0.7,1.4,0.524,0.434,0.869,2.7,0.189,0.318181818,6,4.15,118.4,114.3,99.6,0.262,0.577,12.4,21.7,77.7,0.536,11.1
19,30.1,16.7,4.3,2.5,1,0.4,0.385,0.319,0.775,-0.8,-0.031,0.239130435,30,-8,106.9,114.7,101.5,0.231,0.51,12.5,22.1,75.9,0.55,13.2
22,10.2,5.1,1.1,0.6,0.3,0.1,0.464,0.306,0.778,0.4,0.108,0.5,11,1.17,114.2,113,97.9,0.239,0.543,12.4,25,77.2,0.54,12.9
20,8.4,2.8,1.1,0.2,0.3,0.2,0.412,0.238,0.667,0.1,0.034,0.608695652,9,-0.72,116.8,117.6,98,0.234,0.536,10.2,22.9,76.4,0.555,11.5
24,19,7.5,6,2.5,0,0,0.357,0.222,0.75,0.1,0.126,0.391304348,23,-0.09,112.7,112.8,99.7,0.246,0.535,12.1,20.4,76,0.542,14.4
33,23.2,10.6,1.8,1.4,0.4,0.2,0.446,0.422,0.741,1.3,0.089,0.266666667,27,-3.93,108.2,112.2,97.4,0.276,0.513,13.1,22.2,76.8,0.545,13.3
26,32.6,29.9,11.5,3.3,1.2,1.4,0.525,0.422,0.859,6.2,0.294,0.695652174,2,5.24,112.8,107.6,100.6,0.298,0.542,13.6,24.1,78.8,0.518,13.3
30,21.4,7.7,3.9,1.3,0.8,0.2,0.516,0.471,0.776,1.4,0.129,0.326086957,28,-6.65,105.7,112.5,98.4,0.217,0.498,11.9,21.8,80.2,0.544,11.5
23,13.3,4.7,3.3,0.9,0.1,1.1,0.482,1,0.719,0.5,0.087,0.534883721,17,-0.81,109.8,110.6,99.2,0.231,0.517,10.3,18.7,78,0.535,12.2
25,19.3,3.8,2.8,2.2,0.7,0.3,0.385,0.182,0.5,0,-0.019,0.369565217,26,-7.5,105.1,112.7,97.4,0.257,0.504,14,24.9,75.8,0.55,14
25,6.8,2.9,2.4,0.2,0,1,0.722,,0.273,0.3,0.188,0.5,11,1.17,114.2,113,97.9,0.239,0.543,12.4,25,77.2,0.54,12.9
29,16,6,5.3,0.8,0.6,0.9,0.66,0,0.776,3.1,0.238,0.755555556,1,8.8,118,109.1,98.9,0.25,0.564,12.7,25.3,78.4,0.508,10.4
28,6.3,1.8,2,0.8,0.3,0,0.75,,0.625,0.2,0.2,0.431818182,22,-0.98,111.1,112,100.6,0.211,0.549,14.1,22,79.6,0.537,11.9
22,3.8,0.2,0.1,0.2,0.1,0,0.143,0,,-0.2,-0.159,0.695652174,2,5.24,112.8,107.6,100.6,0.298,0.542,13.6,24.1,78.8,0.518,13.3
22,7.8,1.5,3,0.4,0.1,0.1,0.407,0,0.6,0,-0.008,0.5,12,1.52,115,113.5,97.3,0.282,0.532,12.4,25.6,76.8,0.526,11.3
27,20,9.5,3.5,2.5,1.5,0.5,0.381,0.333,0,0,-0.023,0.369565217,26,-7.5,105.1,112.7,97.4,0.257,0.504,14,24.9,75.8,0.55,14
27,31.2,8.3,5.3,1.4,0.9,0.4,0.421,0.352,0.895,1.6,0.081,0.522727273,10,0.77,114.4,113.6,97.5,0.251,0.548,11.3,19.8,77.7,0.537,11.4
22,9.1,2.4,0.7,1.2,0.3,0,0.288,0.207,0.667,-0.1,-0.042,0.391304348,23,-0.09,112.7,112.8,99.7,0.246,0.535,12.1,20.4,76,0.542,14.4
27,18.5,9.4,1.2,0.6,0.2,0,0.465,0.453,0.742,1.4,0.089,0.644444444,5,6.71,116.8,110.3,101.9,0.229,0.566,12.2,23.8,80.3,0.532,11.4
22,2.6,0.3,0.4,0.5,0.3,0,0,0,1,0,0.046,0.755555556,1,8.8,118,109.1,98.9,0.25,0.564,12.7,25.3,78.4,0.508,10.4
28,29.9,19.1,3.1,3.6,1.1,0.3,0.454,0.383,0.798,1.6,0.109,0.326086957,28,-6.65,105.7,112.5,98.4,0.217,0.498,11.9,21.8,80.2,0.544,11.5
23,34.5,23.7,3.4,7.5,1.3,0.4,0.467,0.327,0.69,2.2,0.074,0.456521739,21,-3.8,114.6,118.4,100,0.258,0.551,12,22.9,76,0.559,11.4
30,11,1.3,1.3,2.3,0.3,0,0.25,0,,-0.1,-0.11,0.488372093,16,0.14,110.2,110,100.8,0.222,0.518,11.8,24.3,79.6,0.544,14.3
22,26.9,12.9,3.1,5.4,1,0.3,0.394,0.25,0.895,0,-0.009,0.326086957,28,-6.65,105.7,112.5,98.4,0.217,0.498,11.9,21.8,80.2,0.544,11.5
23,3.4,0.2,1.2,0.2,0,0,0,0,0.5,-0.1,-0.225,0.444444444,19,0.58,116.6,116,98.5,0.284,0.55,12.4,27.2,79.8,0.559,11.7
22,12.7,4.8,3.3,0.6,0.4,1.2,0.687,,0.667,1.4,0.181,0.431818182,22,-0.98,111.1,112,100.6,0.211,0.549,14.1,22,79.6,0.537,11.9
32,23.4,13,3.9,1.4,0.6,0.2,0.425,0.415,0.938,2.1,0.141,0.5,12,1.52,115,113.5,97.3,0.282,0.532,12.4,25.6,76.8,0.526,11.3
29,11.1,5,1,0.8,0.2,0,0.5,0.475,1,1,0.147,0.688888889,3,6.38,115.4,108.9,97.1,0.209,0.559,12.1,20.2,78.5,0.52,12.1
21,33.2,16.4,2.2,5.9,1.1,0.1,0.446,0.393,0.838,0.6,0.026,0.369565217,26,-7.5,105.1,112.7,97.4,0.257,0.504,14,24.9,75.8,0.55,14
36,20.1,4.8,4.1,2,0.5,1.3,0.403,0.365,0.806,1.9,0.13,0.638297872,8,4.68,110.7,106,98.9,0.277,0.541,13.6,22.6,79.8,0.519,13.3
34,21.6,11,4.9,1.5,0.7,0.5,0.411,0.388,0.786,1,0.069,0.534883721,17,-0.81,109.8,110.6,99.2,0.231,0.517,10.3,18.7,78,0.535,12.2
30,33.3,23,6.1,5.4,1.1,0.5,0.486,0.445,0.887,3.6,0.162,0.659574468,4,6.32,118.2,111.7,97.3,0.231,0.566,11.8,22.5,79.9,0.537,12
35,17.9,4.2,4.5,0.5,0.5,0.5,0.56,0.25,0.667,0.8,0.126,0.52173913,14,0.57,109.2,108.6,96.1,0.249,0.514,12.4,23.6,79.2,0.514,11.7
22,11.8,3,4.9,0.9,0.2,0.4,0.406,0.333,0.722,0.3,0.047,0.608695652,9,-0.72,116.8,117.6,98,0.234,0.536,10.2,22.9,76.4,0.555,11.5
22,33.7,23.5,4.8,6,0.8,0.6,0.509,0.409,0.807,3.7,0.156,0.422222222,24,-5.91,105.2,111.1,100.2,0.233,0.522,13.4,18.2,78.3,0.534,11.7
28,5.6,0.8,1.6,0.3,0.3,0.2,0.3,0.143,0.75,0,0.026,0.363636364,25,-4.89,109.6,114.2,104.2,0.302,0.526,12.6,19.9,76.9,0.545,12.8
28,31,14.4,13.5,1.3,0.5,2.8,0.641,0,0.596,5.8,0.22,0.755555556,1,8.8,118,109.1,98.9,0.25,0.564,12.7,25.3,78.4,0.508,10.4
25,11,3.9,1,1.6,0.4,0,0.339,0.283,0.708,0,0.005,0.5,12,1.52,115,113.5,97.3,0.282,0.532,12.4,25.6,76.8,0.526,11.3
25,29,14.7,6.8,4.2,0.7,0.7,0.442,0.402,0.624,0.8,0.059,0.326086957,28,-6.65,105.7,112.5,98.4,0.217,0.498,11.9,21.8,80.2,0.544,11.5
32,29.2,17.8,2.1,2.6,0.5,0.5,0.433,0.329,0.825,1,0.063,0.288888889,29,-6.07,105.6,111.6,101.3,0.251,0.512,12.8,19.1,76.8,0.537,13.4
25,30.2,13.2,2.7,5.2,0.9,0,0.36,0.363,0.793,1.5,0.077,0.511111111,15,-0.69,111.9,112.6,99.3,0.246,0.542,13.9,23.5,76.5,0.553,13.5
26,35.7,23.3,5,2.8,0.7,1.1,0.427,0.354,0.874,2.9,0.1,0.266666667,27,-3.93,108.2,112.2,97.4,0.276,0.513,13.1,22.2,76.8,0.545,13.3
33,28.5,9.1,3.7,1.7,1.4,0.9,0.402,0.39,0.65,2.3,0.091,0.695652174,2,5.24,112.8,107.6,100.6,0.298,0.542,13.6,24.1,78.8,0.518,13.3
30,29.9,6.1,6.5,8.5,1.4,0.8,0.401,0.25,0.765,2.1,0.09,0.47826087,18,-1.22,109.4,110.6,102.7,0.249,0.54,13,17.1,76.3,0.524,13.2
30,19.8,9,5.6,0.9,0.5,0.3,0.455,0.429,0.853,1.5,0.119,0.608695652,7,5.09,117.9,112.8,96.8,0.211,0.563,11.9,24.7,77.9,0.547,13
27,14.2,4.4,2.2,0.4,0.8,0.1,0.549,0.318,0.667,0.8,0.106,0.5,11,1.17,114.2,113,97.9,0.239,0.543,12.4,25,77.2,0.54,12.9
34,26.8,9.5,3.8,1.5,0.6,0.3,0.502,0.421,0.757,2.2,0.1,0.318181818,6,4.15,118.4,114.3,99.6,0.262,0.577,12.4,21.7,77.7,0.536,11.1
20,11.3,2.3,2,0.6,0.2,0.1,0.442,0.167,0.545,0,0.004,0.522727273,10,0.77,114.4,113.6,97.5,0.251,0.548,11.3,19.8,77.7,0.537,11.4
31,31.3,12.3,5.2,3.9,0.7,0.1,0.365,0.315,0.71,0.4,0.028,0.266666667,27,-3.93,108.2,112.2,97.4,0.276,0.513,13.1,22.2,76.8,0.545,13.3
31,15,2,2,0,0,1,0.5,,,0,0.033,0.318181818,6,4.15,118.4,114.3,99.6,0.262,0.577,12.4,21.7,77.7,0.536,11.1
23,7.1,2.4,0.9,0.9,0.2,0,0.311,0.24,0.875,0,-0.014,0.456521739,21,-3.8,114.6,118.4,100,0.258,0.551,12,22.9,76,0.559,11.4
22,30.9,13.4,5.8,1.6,0.8,0.1,0.477,0.341,0.779,1.4,0.065,0.363636364,25,-4.89,109.6,114.2,104.2,0.302,0.526,12.6,19.9,76.9,0.545,12.8
21,2,0,0,0,0,0,,,,0,-0.352,0.239130435,30,-8,106.9,114.7,101.5,0.231,0.51,12.5,22.1,75.9,0.55,13.2
20,29.6,12.4,3.5,5.1,1.3,0.6,0.471,0.41,0.844,2.2,0.097,0.456521739,21,-3.8,114.6,118.4,100,0.258,0.551,12,22.9,76,0.559,11.4
20,7.3,1.7,1.3,1,0,0,0.222,0.125,0.429,-0.2,-0.196,0.422222222,24,-5.91,105.2,111.1,100.2,0.233,0.522,13.4,18.2,78.3,0.534,11.7
19,9.2,2.5,2,0.5,0.2,0.1,0.414,0.278,0.7,0.1,0.017,0.608695652,7,5.09,117.9,112.8,96.8,0.211,0.563,11.9,24.7,77.9,0.547,13
28,29.5,16.4,3.4,1.7,0.6,0.2,0.445,0.389,0.798,2.1,0.086,0.522727273,10,0.77,114.4,113.6,97.5,0.251,0.548,11.3,19.8,77.7,0.537,11.4
31,36.3,24.8,5.1,10.4,0.9,0.8,0.444,0.347,0.883,1,0.172,0.288888889,29,-6.07,105.6,111.6,101.3,0.251,0.512,12.8,19.1,76.8,0.537,13.4
31,38.4,25.4,8.8,11.3,1.3,0.8,0.477,0.373,0.861,5.1,0.222,0.318181818,6,4.15,118.4,114.3,99.6,0.262,0.577,12.4,21.7,77.7,0.536,11.1
27,11.3,1.4,1.2,0.6,0.2,0.4,0.385,0.455,0,0.1,0.052,0.47826087,20,-1.52,108.6,110.1,97.2,0.253,0.534,13.8,19.2,77.1,0.531,13.6
23,2.5,1,0,0,0,0,0,,1,0,-0.467,0.52173913,14,0.57,109.2,108.6,96.1,0.249,0.514,12.4,23.6,79.2,0.514,11.7
27,24.8,14.7,6.6,1.1,0.7,0.8,0.641,0,0.725,5.4,0.242,0.638297872,8,4.68,110.7,106,98.9,0.277,0.541,13.6,22.6,79.8,0.519,13.3
26,30.6,9.7,2.5,1.7,0.9,0.2,0.442,0.32,0.733,0.8,0.062,0.608695652,7,5.09,117.9,112.8,96.8,0.211,0.563,11.9,24.7,77.9,0.547,13
22,3.5,0.8,0.8,0.5,0.3,0,0.25,0.5,,0,-0.002,0.391304348,23,-0.09,112.7,112.8,99.7,0.246,0.535,12.1,20.4,76,0.542,14.4
29,31.3,14.6,3.6,1.8,0.6,0.2,0.518,0.487,0.703,3.6,0.127,0.318181818,6,4.15,118.4,114.3,99.6,0.262,0.577,12.4,21.7,77.7,0.536,11.1
28,34,20.7,7.5,3.6,0.9,0.8,0.508,0.412,0.89,4.8,0.177,0.695652174,2,5.24,112.8,107.6,100.6,0.298,0.542,13.6,24.1,78.8,0.518,13.3
27,3.3,1,0.5,0.5,0.1,0,0.3,0,0.833,0,-0.039,0.755555556,1,8.8,118,109.1,98.9,0.25,0.564,12.7,25.3,78.4,0.508,10.4
25,28.3,9.3,7.4,2.2,0.8,0.2,0.455,0.335,0.753,2.3,0.094,0.444444444,19,0.58,116.6,116,98.5,0.284,0.55,12.4,27.2,79.8,0.559,11.7
22,9.1,3.5,2.8,0.5,0.4,0.7,0.513,,0.611,0.7,0.115,0.608695652,7,5.09,117.9,112.8,96.8,0.211,0.563,11.9,24.7,77.9,0.547,13
20,13.2,5.2,3.4,0.5,0.3,0.5,0.725,,0.714,1.3,0.157,0.444444444,19,0.58,116.6,116,98.5,0.284,0.55,12.4,27.2,79.8,0.559,11.7
19,21.1,4.6,1.1,3.6,0.3,0,0.277,0.25,0.5,-0.5,-0.174,0.266666667,27,-3.93,108.2,112.2,97.4,0.276,0.513,13.1,22.2,76.8,0.545,13.3
30,34.4,20.3,5.6,4.1,1.3,0.4,0.481,0.404,0.863,3.2,0.121,0.511111111,15,-0.69,111.9,112.6,99.3,0.246,0.542,13.9,23.5,76.5,0.553,13.5
25,16.6,6.2,4.2,0.6,0.4,0.1,0.416,0.314,0.63,0.4,0.045,0.239130435,30,-8,106.9,114.7,101.5,0.231,0.51,12.5,22.1,75.9,0.55,13.2
26,15.8,6.3,6.2,1.2,0.3,0.5,0.521,0.143,0.632,1.2,0.154,0.444444444,19,0.58,116.6,116,98.5,0.284,0.55,12.4,27.2,79.8,0.559,11.7
21,31.9,15.3,5.5,3.4,0.7,0.4,0.418,0.317,0.819,0.5,0.023,0.47826087,20,-1.52,108.6,110.1,97.2,0.253,0.534,13.8,19.2,77.1,0.531,13.6
28,35,16.8,4.6,3.3,0.8,0.3,0.396,0.382,0.861,1,0.032,0.456521739,21,-3.8,114.6,118.4,100,0.258,0.551,12,22.9,76,0.559,11.4
34,26.4,11.8,2.1,3.1,0.9,0.1,0.508,0.386,0.84,1.1,0.141,0.422222222,24,-5.91,105.2,111.1,100.2,0.233,0.522,13.4,18.2,78.3,0.534,11.7
29,19.2,4.3,2.3,0.9,0.7,0.1,0.357,0.325,0.857,0.6,0.034,0.5,12,1.52,115,113.5,97.3,0.282,0.532,12.4,25.6,76.8,0.526,11.3
21,4,1.7,0.1,0.3,0.3,0.1,0.313,0.167,0.5,-0.1,-0.252,0.522727273,10,0.77,114.4,113.6,97.5,0.251,0.548,11.3,19.8,77.7,0.537,11.4
24,18.1,7.1,1.2,1.8,0.6,0.1,0.379,0.342,0.756,0,0.002,0.477272727,13,0.3,111.7,111.4,100,0.227,0.541,12.2,20.1,76.5,0.537,13.5
30,31.3,15.5,4.5,4.9,1.7,0.5,0.484,0.359,0.817,3.1,0.151,0.644444444,5,6.71,116.8,110.3,101.9,0.229,0.566,12.2,23.8,80.3,0.532,11.4
31,32.5,11.8,3.9,1.7,1.2,0.4,0.444,0.407,0.821,2.7,0.098,0.477272727,13,0.3,111.7,111.4,100,0.227,0.541,12.2,20.1,76.5,0.537,13.5
27,30.1,13.9,8.6,1.8,0.7,1.6,0.644,0.286,0.811,3.7,0.155,0.456521739,21,-3.8,114.6,118.4,100,0.258,0.551,12,22.9,76,0.559,11.4
28,19.1,4.8,1.9,1.2,0.5,0.1,0.367,0.3,0.75,-0.6,-0.041,0.608695652,9,-0.72,116.8,117.6,98,0.234,0.536,10.2,22.9,76.4,0.555,11.5
34,28,14.3,6.7,3.3,0.9,0.9,0.447,0.374,0.818,1.6,0.104,0.422222222,24,-5.91,105.2,111.1,100.2,0.233,0.522,13.4,18.2,78.3,0.534,11.7
20,18.3,8.1,2.7,2.3,0.8,0.5,0.449,0.247,0.847,1.3,0.084,0.638297872,8,4.68,110.7,106,98.9,0.277,0.541,13.6,22.6,79.8,0.519,13.3
27,27.7,9.6,4.1,1.9,0.6,0.5,0.398,0.345,0.682,0.7,0.046,0.288888889,29,-6.07,105.6,111.6,101.3,0.251,0.512,12.8,19.1,76.8,0.537,13.4
35,17.4,6.7,8.1,0.8,0.4,1,0.584,0.286,0.538,2,0.126,0.695652174,2,5.24,112.8,107.6,100.6,0.298,0.542,13.6,24.1,78.8,0.518,13.3
21,3.3,1.1,0.4,0.4,0.1,0,0.222,0.192,0.5,-0.3,-0.243,0.608695652,7,5.09,117.9,112.8,96.8,0.211,0.563,11.9,24.7,77.9,0.547,13
22,31.7,12.1,3.7,3.5,1.3,0.3,0.424,0.367,0.833,2.4,0.086,0.5,12,1.52,115,113.5,97.3,0.282,0.532,12.4,25.6,76.8,0.526,11.3
22,4,2.3,0.6,0.4,0.1,0.1,0.333,0.3,0.75,0,-0.071,0.755555556,1,8.8,118,109.1,98.9,0.25,0.564,12.7,25.3,78.4,0.508,10.4
23,32.2,17.2,5.4,2.2,0.9,0.5,0.514,0.366,0.877,1.9,0.158,0.5,12,1.52,115,113.5,97.3,0.282,0.532,12.4,25.6,76.8,0.526,11.3
24,9.1,1.9,2.9,0.6,0.1,0,0.278,0.333,1,-0.1,-0.099,0.431818182,22,-0.98,111.1,112,100.6,0.211,0.549,14.1,22,79.6,0.537,11.9
31,23.6,10.9,6.7,1.7,0.2,1.2,0.507,0.352,0.822,2.6,0.135,0.659574468,4,6.32,118.2,111.7,97.3,0.231,0.566,11.8,22.5,79.9,0.537,12
37,21.4,4.7,3.6,2.1,1,0.4,0.39,0.344,0.593,1.3,0.076,0.47826087,20,-1.52,108.6,110.1,97.2,0.253,0.534,13.8,19.2,77.1,0.531,13.6
33,26.8,12.2,3.5,4.3,0.5,0.2,0.54,0.49,0.889,4.2,0.203,0.755555556,1,8.8,118,109.1,98.9,0.25,0.564,12.7,25.3,78.4,0.508,10.4
23,34.3,23.9,5.1,4.7,0.7,0.7,0.473,0.375,0.88,3.9,0.13,0.444444444,19,0.58,116.6,116,98.5,0.284,0.55,12.4,27.2,79.8,0.559,11.7
28,35.6,28.1,4.8,5.7,1.2,0.6,0.52,0.406,0.891,4.5,0.195,0.318181818,6,4.15,118.4,114.3,99.6,0.262,0.577,12.4,21.7,77.7,0.536,11.1
26,12.5,2.1,1.9,0.4,0.4,0.1,0.327,0.13,0.857,0.1,0.009,0.522727273,10,0.77,114.4,113.6,97.5,0.251,0.548,11.3,19.8,77.7,0.537,11.4
22,12.3,5.2,1.4,0.8,0.3,0,0.431,0.414,0.75,0.1,0.029,0.266666667,27,-3.93,108.2,112.2,97.4,0.276,0.513,13.1,22.2,76.8,0.545,13.3
23,24.8,13.2,4.2,2.1,0.9,0.9,0.422,0.277,0.716,0.2,0.009,0.266666667,27,-3.93,108.2,112.2,97.4,0.276,0.513,13.1,22.2,76.8,0.545,13.3
25,16.5,6.9,2.2,1.4,0.4,0.1,0.418,0.304,0.828,0.2,0.024,0.422222222,24,-5.91,105.2,111.1,100.2,0.233,0.522,13.4,18.2,78.3,0.534,11.7
30,20.6,8.8,2.7,2.9,0.6,0.1,0.451,0.403,0.756,1.7,0.101,0.659574468,4,6.32,118.2,111.7,97.3,0.231,0.566,11.8,22.5,79.9,0.537,12
24,6.4,2.2,0.5,0.5,0.2,0.1,0.457,0.333,0.417,0,0,0.456521739,21,-3.8,114.6,118.4,100,0.258,0.551,12,22.9,76,0.559,11.4
36,33.9,25.4,7.9,7.9,1,0.6,0.513,0.368,0.703,5.7,0.199,0.638297872,8,4.68,110.7,106,98.9,0.277,0.541,13.6,22.6,79.8,0.519,13.3
23,13.7,3.9,1.6,0.3,0.4,0.3,0.407,0.308,0.857,0,-0.011,0.456521739,21,-3.8,114.6,118.4,100,0.258,0.551,12,22.9,76,0.559,11.4
23,26.7,9.4,3.4,3.4,0.7,0.2,0.434,0.392,0.4,0.5,0.096,0.422222222,24,-5.91,105.2,111.1,100.2,0.233,0.522,13.4,18.2,78.3,0.534,11.7
21,11.5,4.1,1.2,0.7,0.3,0.2,0.36,0.364,1,0.4,0.083,0.695652174,2,5.24,112.8,107.6,100.6,0.298,0.542,13.6,24.1,78.8,0.518,13.3
24,23.9,10.4,3.4,1.3,0.6,0.3,0.441,0.385,0.865,1.9,0.107,0.688888889,3,6.38,115.4,108.9,97.1,0.209,0.559,12.1,20.2,78.5,0.52,12.1
33,17.4,5.7,3,1.7,0.8,0.8,0.462,0.25,0.586,0.7,0.066,0.522727273,10,0.77,114.4,113.6,97.5,0.251,0.548,11.3,19.8,77.7,0.537,11.4
21,29.1,14,6.6,2.1,0.7,0.6,0.48,0.333,0.767,2.4,0.109,0.534883721,17,-0.81,109.8,110.6,99.2,0.231,0.517,10.3,18.7,78,0.535,12.2
24,14.1,3,2.2,1.2,0.7,0.3,0.384,0.375,0.786,0.6,0.056,0.391304348,23,-0.09,112.7,112.8,99.7,0.246,0.535,12.1,20.4,76,0.542,14.4
28,15.1,5.1,1.8,0.9,0.4,0,0.406,0.408,0.923,0.5,0.07,0.318181818,6,4.15,118.4,114.3,99.6,0.262,0.577,12.4,21.7,77.7,0.536,11.1
25,35.8,27.1,11.2,8.6,1.6,0.6,0.569,0.425,0.866,9.7,0.31,0.608695652,7,5.09,117.9,112.8,96.8,0.211,0.563,11.9,24.7,77.9,0.547,13
25,6.7,1.6,1.3,0.3,0.1,0.4,0.5,0,0.545,0.1,0.054,0.688888889,3,6.38,115.4,108.9,97.1,0.209,0.559,12.1,20.2,78.5,0.52,12.1
25,14,5.4,3.3,0.1,0.1,0.9,0.941,,0.917,0.6,0.242,0.638297872,8,4.68,110.7,106,98.9,0.277,0.541,13.6,22.6,79.8,0.519,13.3
23,26.4,7.9,4.4,0.9,0.8,1.1,0.498,0.34,0.648,1.9,0.089,0.608695652,9,-0.72,116.8,117.6,98,0.234,0.536,10.2,22.9,76.4,0.555,11.5
22,11.8,5.8,2,1.5,0.2,0,0.412,0.359,0.614,0.1,0.021,0.288888889,29,-6.07,105.6,111.6,101.3,0.251,0.512,12.8,19.1,76.8,0.537,13.4
21,4.3,2,0.4,0.4,0.1,0,0.517,1,1,0.1,0.059,0.534883721,17,-0.81,109.8,110.6,99.2,0.231,0.517,10.3,18.7,78,0.535,12.2
24,20.4,7.6,2.3,4.3,1.1,0.1,0.439,0.301,0.889,1.8,0.111,0.488372093,16,0.14,110.2,110,100.8,0.222,0.518,11.8,24.3,79.6,0.544,14.3
32,23.1,7.7,7.4,1.8,0.3,1.3,0.776,0,0.492,2.9,0.148,0.318181818,6,4.15,118.4,114.3,99.6,0.262,0.577,12.4,21.7,77.7,0.536,11.1
29,21.4,6.7,2.3,2.4,0.8,0.2,0.45,0.333,0.744,0.6,0.032,0.456521739,21,-3.8,114.6,118.4,100,0.258,0.551,12,22.9,76,0.559,11.4
23,4.1,1.2,0.6,0.2,0.1,0.1,0.281,0.222,0.833,-0.2,-0.081,0.659574468,4,6.32,118.2,111.7,97.3,0.231,0.566,11.8,22.5,79.9,0.537,12
27,15.1,6.6,3.7,1.6,0.3,0.4,0.471,0.406,0.606,1.4,0.142,0.688888889,3,6.38,115.4,108.9,97.1,0.209,0.559,12.1,20.2,78.5,0.52,12.1
28,26.3,11.9,11.5,1.2,0.5,0.7,0.594,0,0.767,4.2,0.184,0.608695652,9,-0.72,116.8,117.6,98,0.234,0.536,10.2,22.9,76.4,0.555,11.5
24,19.5,7.7,2.6,1.8,0.4,0.2,0.476,0.46,0.867,1.5,0.1,0.659574468,4,6.32,118.2,111.7,97.3,0.231,0.566,11.8,22.5,79.9,0.537,12
29,27.6,7.8,5.4,1.4,0.5,0.8,0.471,0.47,0.963,2.1,0.129,0.522727273,10,0.77,114.4,113.6,97.5,0.251,0.548,11.3,19.8,77.7,0.537,11.4
23,8.1,4.3,2.3,0.3,0.3,0.4,0.455,0.385,0.909,0.4,0.147,0.5,12,1.52,115,113.5,97.3,0.282,0.532,12.4,25.6,76.8,0.526,11.3
21,14.1,4.8,1.8,0.6,0.3,0.2,0.398,0.4,0.786,0.5,0.054,0.52173913,14,0.57,109.2,108.6,96.1,0.249,0.514,12.4,23.6,79.2,0.514,11.7
24,15.2,4,3.3,1.1,0.9,0.2,0.441,0.36,0.889,0.9,0.132,0.488372093,16,0.14,110.2,110,100.8,0.222,0.518,11.8,24.3,79.6,0.544,14.3
23,19.4,9.2,2.2,1.1,0.8,0.2,0.402,0.371,0.765,1,0.074,0.695652174,2,5.24,112.8,107.6,100.6,0.298,0.542,13.6,24.1,78.8,0.518,13.3
25,7.7,2.2,1.3,0.3,0.2,0.6,0.333,0.261,0.5,0.1,0.048,0.431818182,22,-0.98,111.1,112,100.6,0.211,0.549,14.1,22,79.6,0.537,11.9
22,3.2,0.6,0.6,0.4,0,0,0.333,0.5,,0,0.082,0.318181818,6,4.15,118.4,114.3,99.6,0.262,0.577,12.4,21.7,77.7,0.536,11.1
22,6.8,1.2,1,0.4,0.5,0.4,0.238,0.133,0.5,-0.3,-0.165,0.288888889,29,-6.07,105.6,111.6,101.3,0.251,0.512,12.8,19.1,76.8,0.537,13.4
25,26.7,12,6.6,1.4,0.5,0.6,0.443,0.37,0.62,2.1,0.091,0.638297872,8,4.68,110.7,106,98.9,0.277,0.541,13.6,22.6,79.8,0.519,13.3
23,16.8,2.5,4.3,0.3,0.2,0.2,0.185,0.133,0.75,-0.1,-0.069,0.288888889,29,-6.07,105.6,111.6,101.3,0.251,0.512,12.8,19.1,76.8,0.537,13.4
28,22.1,10.7,3.5,1.5,0.8,0.5,0.451,0.43,0.948,1.6,0.149,0.477272727,13,0.3,111.7,111.4,100,0.227,0.541,12.2,20.1,76.5,0.537,13.5
25,35.4,28.3,5,4.9,1,0.5,0.527,0.438,0.866,5,0.164,0.431818182,22,-0.98,111.1,112,100.6,0.211,0.549,14.1,22,79.6,0.537,11.9
26,16.5,6.1,1.8,0.7,0.8,0.5,0.486,0.302,0.767,0.6,0.053,0.239130435,30,-8,106.9,114.7,101.5,0.231,0.51,12.5,22.1,75.9,0.55,13.2
20,3,1.7,1.3,0.7,0,0,0.25,0,1,0,0.224,0.477272727,13,0.3,111.7,111.4,100,0.227,0.541,12.2,20.1,76.5,0.537,13.5
28,19,6.5,3.3,1.5,0.6,0.1,0.44,0.378,0.886,1.9,0.116,0.47826087,18,-1.22,109.4,110.6,102.7,0.249,0.54,13,17.1,76.3,0.524,13.2
21,14.7,5.8,1.6,2.6,0.6,0.2,0.512,0.571,0.66,0.8,0.12,0.266666667,27,-3.93,108.2,112.2,97.4,0.276,0.513,13.1,22.2,76.8,0.545,13.3
27,10.9,2.3,1.6,0.4,0.1,0.9,0.5,0.5,0.5,-0.1,-0.035,0.391304348,23,-0.09,112.7,112.8,99.7,0.246,0.535,12.1,20.4,76,0.542,14.4
27,15.6,7.2,4.1,1.1,0.3,1.2,0.646,0.214,0.627,1.3,0.15,0.363636364,25,-4.89,109.6,114.2,104.2,0.302,0.526,12.6,19.9,76.9,0.545,12.8
29,34.5,26,6.3,4.9,1.7,0.5,0.511,0.385,0.87,5.9,0.233,0.659574468,4,6.32,118.2,111.7,97.3,0.231,0.566,11.8,22.5,79.9,0.537,12
28,9.7,3.3,2.3,0.7,0,0,0.429,0.429,0.5,0,0.048,0.47826087,20,-1.52,108.6,110.1,97.2,0.253,0.534,13.8,19.2,77.1,0.531,13.6
26,27.8,18.5,4.3,6,1.1,0.5,0.435,0.349,0.765,0.6,0.088,0.318181818,6,4.15,118.4,114.3,99.6,0.262,0.577,12.4,21.7,77.7,0.536,11.1
26,31.4,14,3.8,3.8,1.4,0,0.371,0.308,0.909,0,-0.004,0.477272727,13,0.3,111.7,111.4,100,0.227,0.541,12.2,20.1,76.5,0.537,13.5
19,14.1,5.4,0.9,1.9,0.7,0.1,0.387,0.314,0.682,0.2,0.028,0.444444444,19,0.58,116.6,116,98.5,0.284,0.55,12.4,27.2,79.8,0.559,11.7
30,36,30.3,4.4,7.6,0.9,0.2,0.455,0.383,0.94,6.7,0.217,0.608695652,9,-0.72,116.8,117.6,98,0.234,0.536,10.2,22.9,76.4,0.555,11.5
20,13.6,5.3,2.6,0.4,0.1,0.3,0.465,0.389,0.857,0.8,0.105,0.608695652,9,-0.72,116.8,117.6,98,0.234,0.536,10.2,22.9,76.4,0.555,11.5
24,15,4,4.1,1.6,0.4,0.3,0.598,0.444,0.8,1.7,0.169,0.47826087,18,-1.22,109.4,110.6,102.7,0.249,0.54,13,17.1,76.3,0.524,13.2
32,27.4,11.2,5.1,0.7,0.6,1.4,0.472,0.341,0.827,2.8,0.12,0.644444444,5,6.71,116.8,110.3,101.9,0.229,0.566,12.2,23.8,80.3,0.532,11.4
32,20.3,8.2,4.2,0.9,0.3,0.6,0.578,0.333,0.707,1.8,0.102,0.363636364,25,-4.89,109.6,114.2,104.2,0.302,0.526,12.6,19.9,76.9,0.545,12.8
32,14.5,5.8,3.3,1.3,0.3,0,0.318,0.333,0.714,0,-0.001,0.369565217,26,-7.5,105.1,112.7,97.4,0.257,0.504,14,24.9,75.8,0.55,14
34,34.8,17.7,5.6,7.4,1.1,0.2,0.437,0.394,0.881,3,0.12,0.391304348,23,-0.09,112.7,112.8,99.7,0.246,0.535,12.1,20.4,76,0.542,14.4
25,18.8,6.8,2.3,1.2,0.7,0.1,0.384,0.358,0.769,0.5,0.036,0.318181818,6,4.15,118.4,114.3,99.6,0.262,0.577,12.4,21.7,77.7,0.536,11.1
25,15.7,5,3.8,0.6,0.2,0,0.483,0.368,0.619,0.7,0.1,0.534883721,17,-0.81,109.8,110.6,99.2,0.231,0.517,10.3,18.7,78,0.535,12.2
23,9.5,3.8,2.3,0.5,0.3,0.5,0.556,0,0.909,0.3,0.179,0.369565217,26,-7.5,105.1,112.7,97.4,0.257,0.504,14,24.9,75.8,0.55,14
19,26.3,8.1,3.1,3.4,0.9,0.1,0.395,0.368,0.722,0.3,0.015,0.422222222,24,-5.91,105.2,111.1,100.2,0.233,0.522,13.4,18.2,78.3,0.534,11.7
20,8.6,1,1.4,0.1,0,0.1,0.111,0.5,1,-0.1,-0.086,0.326086957,28,-6.65,105.7,112.5,98.4,0.217,0.498,11.9,21.8,80.2,0.544,11.5
24,16.1,5,3.3,1.2,0.4,0.2,0.487,0.366,0.804,1.5,0.112,0.659574468,4,6.32,118.2,111.7,97.3,0.231,0.566,11.8,22.5,79.9,0.537,12
19,12.6,4.4,1.9,2.4,0.6,0,0.333,0.367,0.714,0.1,0.026,0.47826087,18,-1.22,109.4,110.6,102.7,0.249,0.54,13,17.1,76.3,0.524,13.2
32,7.6,4.4,3.9,0.2,0.1,0.1,0.494,0,0.75,0.4,0.126,0.522727273,10,0.77,114.4,113.6,97.5,0.251,0.548,11.3,19.8,77.7,0.537,11.4
23,30.6,18.2,5.9,0.9,0.5,0.5,0.493,0.401,0.825,1.6,0.118,0.431818182,22,-0.98,111.1,112,100.6,0.211,0.549,14.1,22,79.6,0.537,11.9
23,3.4,0.6,0.4,0.4,0,0.2,0.25,0,0.5,0,-0.107,0.444444444,19,0.58,116.6,116,98.5,0.284,0.55,12.4,27.2,79.8,0.559,11.7
25,14.5,5.3,2.6,1.1,0.8,0.2,0.406,0.317,0.563,0.4,0.042,0.511111111,15,-0.69,111.9,112.6,99.3,0.246,0.542,13.9,23.5,76.5,0.553,13.5
25,12.5,3.8,2.4,1.2,0.5,0.1,0.523,0.25,0.706,0.7,0.098,0.511111111,15,-0.69,111.9,112.6,99.3,0.246,0.542,13.9,23.5,76.5,0.553,13.5
25,3.8,1.4,0.9,0,0.2,0,0.333,0.222,1,-0.1,-0.111,0.477272727,13,0.3,111.7,111.4,100,0.227,0.541,12.2,20.1,76.5,0.537,13.5
20,18.5,7.1,4.4,0.7,0.5,0.9,0.494,0.313,0.682,0.3,0.062,0.288888889,29,-6.07,105.6,111.6,101.3,0.251,0.512,12.8,19.1,76.8,0.537,13.4
26,19.8,6.3,3,3,0,0,0.375,0.4,0.714,0,-0.005,0.326086957,28,-6.65,105.7,112.5,98.4,0.217,0.498,11.9,21.8,80.2,0.544,11.5
24,17.4,6.7,1.6,0.4,0.6,0.2,0.419,0.403,0.902,1.6,0.123,0.363636364,25,-4.89,109.6,114.2,104.2,0.302,0.526,12.6,19.9,76.9,0.545,12.8
25,15.4,6,0.9,1.6,0.1,0.4,0.396,0.308,0.333,0.2,0.064,0.695652174,2,5.24,112.8,107.6,100.6,0.298,0.542,13.6,24.1,78.8,0.518,13.3
34,20.1,4.2,1.4,1,0.5,0.4,0.347,0.336,0.813,1,0.064,0.638297872,8,4.68,110.7,106,98.9,0.277,0.541,13.6,22.6,79.8,0.519,13.3
20,15.4,7.6,1.8,1.7,0.4,0.2,0.458,0.281,0.852,0.8,0.068,0.695652174,2,5.24,112.8,107.6,100.6,0.298,0.542,13.6,24.1,78.8,0.518,13.3
23,7.4,3.4,0.8,1,0.3,0,0.392,0.348,0.889,0.4,0.135,0.5,12,1.52,115,113.5,97.3,0.282,0.532,12.4,25.6,76.8,0.526,11.3
25,7.3,1.3,0.8,1,0.5,0,1,,1,0.1,0.238,0.391304348,23,-0.09,112.7,112.8,99.7,0.246,0.535,12.1,20.4,76,0.542,14.4
29,31.6,24.3,3.7,4.4,1.1,0.3,0.449,0.431,0.868,2,0.182,0.608695652,9,-0.72,116.8,117.6,98,0.234,0.536,10.2,22.9,76.4,0.555,11.5
28,25.2,7,3.7,6.5,1.9,0.4,0.546,0.316,0.524,2.5,0.125,0.477272727,13,0.3,111.7,111.4,100,0.227,0.541,12.2,20.1,76.5,0.537,13.5
20,20,5.5,3.4,1,0.5,1,0.413,0.347,0.462,0.4,0.027,0.239130435,30,-8,106.9,114.7,101.5,0.231,0.51,12.5,22.1,75.9,0.55,13.2
23,11.5,4.5,2.4,0.5,0.1,0.3,0.446,0.296,0.714,0,-0.007,0.511111111,15,-0.69,111.9,112.6,99.3,0.246,0.542,13.9,23.5,76.5,0.553,13.5
29,25.4,13.5,3.9,1.4,0.3,0.1,0.512,0.372,0.831,2.3,0.107,0.477272727,13,0.3,111.7,111.4,100,0.227,0.541,12.2,20.1,76.5,0.537,13.5
24,14.6,3.7,1.3,0.4,0.2,0.2,0.44,0.313,1,0.2,0.066,0.488372093,16,0.14,110.2,110,100.8,0.222,0.518,11.8,24.3,79.6,0.544,14.3
33,15.1,7.7,5,0.9,0.5,1.2,0.515,0.263,0.612,0.7,0.072,0.369565217,26,-7.5,105.1,112.7,97.4,0.257,0.504,14,24.9,75.8,0.55,14
29,11.9,5.6,1.4,1,0.5,0.1,0.507,0.435,0.75,0.4,0.108,0.266666667,27,-3.93,108.2,112.2,97.4,0.276,0.513,13.1,22.2,76.8,0.545,13.3
28,5.2,2.2,1.1,0.1,0.1,0,0.543,0.4,0.625,0.4,0.168,0.638297872,8,4.68,110.7,106,98.9,0.277,0.541,13.6,22.6,79.8,0.519,13.3
24,19.5,5.4,2.3,4.7,1,0.2,0.376,0.348,0.8,0.4,0.045,0.239130435,30,-8,106.9,114.7,101.5,0.231,0.51,12.5,22.1,75.9,0.55,13.2
27,16.1,6.6,2.3,0.9,0.6,0.1,0.345,0.31,0.708,-0.2,-0.025,0.288888889,29,-6.07,105.6,111.6,101.3,0.251,0.512,12.8,19.1,76.8,0.537,13.4
30,11.1,2,2.7,1.2,0.4,0,0.259,0.194,0.857,0,0.005,0.444444444,19,0.58,116.6,116,98.5,0.284,0.55,12.4,27.2,79.8,0.559,11.7
22,20.1,9.7,3.4,2.9,1.3,0.6,0.469,0.402,0.769,1.6,0.139,0.488372093,16,0.14,110.2,110,100.8,0.222,0.518,11.8,24.3,79.6,0.544,14.3
24,5.5,1.6,0.9,0.7,0.1,0,0.421,0.5,1,0.2,0.135,0.644444444,5,6.71,116.8,110.3,101.9,0.229,0.566,12.2,23.8,80.3,0.532,11.4
23,6.5,3.4,2.1,0.5,0.3,0.5,0.5,0.333,0.667,0.1,0.087,0.456521739,21,-3.8,114.6,118.4,100,0.258,0.551,12,22.9,76,0.559,11.4
29,33.5,20.3,6,5.5,1.1,0.2,0.489,0.423,0.898,4.3,0.149,0.644444444,5,6.71,116.8,110.3,101.9,0.229,0.566,12.2,23.8,80.3,0.532,11.4
30,10.4,3.4,1.4,1.1,0.6,0.3,0.452,0.407,1,0.5,0.16,0.422222222,24,-5.91,105.2,111.1,100.2,0.233,0.522,13.4,18.2,78.3,0.534,11.7
32,25.5,13,1.7,2.6,0.7,0,0.44,0.393,0.906,2,0.097,0.534883721,17,-0.81,109.8,110.6,99.2,0.231,0.517,10.3,18.7,78,0.535,12.2
35,23.7,9.7,5.1,1.6,0.9,0.6,0.507,0.38,0.687,2.2,0.142,0.608695652,7,5.09,117.9,112.8,96.8,0.211,0.563,11.9,24.7,77.9,0.547,13
24,24.9,13.9,2.3,3.1,0.7,0.3,0.449,0.307,0.875,1.8,0.098,0.695652174,2,5.24,112.8,107.6,100.6,0.298,0.542,13.6,24.1,78.8,0.518,13.3
24,34.2,25.3,4.5,5.4,1,0.3,0.422,0.372,0.833,3.8,0.136,0.755555556,1,8.8,118,109.1,98.9,0.25,0.564,12.7,25.3,78.4,0.508,10.4
22,5.5,1.4,0.5,0.5,0.3,0.1,0.357,0.125,,0,-0.024,0.431818182,22,-0.98,111.1,112,100.6,0.211,0.549,14.1,22,79.6,0.537,11.9
22,21.3,12.4,2.7,1.8,0.4,0.1,0.446,0.418,0.797,0.7,0.054,0.511111111,15,-0.69,111.9,112.6,99.3,0.246,0.542,13.9,23.5,76.5,0.553,13.5
31,14.5,4.3,1.8,1.5,0.6,0.2,0.422,0.276,0.8,0.3,0.041,0.688888889,3,6.38,115.4,108.9,97.1,0.209,0.559,12.1,20.2,78.5,0.52,12.1
21,31.3,19,3.3,7.4,0.9,0.2,0.437,0.229,0.773,1.6,0.077,0.488372093,16,0.14,110.2,110,100.8,0.222,0.518,11.8,24.3,79.6,0.544,14.3
23,4.5,1,0.9,0.3,0.2,0,0.429,0.3,0.2,0.1,0.078,0.755555556,1,8.8,118,109.1,98.9,0.25,0.564,12.7,25.3,78.4,0.508,10.4
31,24.7,11.9,3.8,1.1,0.5,0.3,0.438,0.44,0.886,1.6,0.093,0.659574468,4,6.32,118.2,111.7,97.3,0.231,0.566,11.8,22.5,79.9,0.537,12
31,17.9,5.8,4.2,1.1,0.2,0.3,0.406,0.327,0.703,1.3,0.092,0.638297872,8,4.68,110.7,106,98.9,0.277,0.541,13.6,22.6,79.8,0.519,13.3
25,27.2,10.4,2.2,3.4,0.7,0.3,0.471,0.351,0.762,2.2,0.107,0.608695652,7,5.09,117.9,112.8,96.8,0.211,0.563,11.9,24.7,77.9,0.547,13
26,10.5,4,0.9,0.4,0.2,0.2,0.417,0.394,0.588,0.5,0.068,0.47826087,18,-1.22,109.4,110.6,102.7,0.249,0.54,13,17.1,76.3,0.524,13.2
24,31.3,15.8,7,5.2,1.5,0.1,0.454,0.316,0.821,2.2,0.089,0.534883721,17,-0.81,109.8,110.6,99.2,0.231,0.517,10.3,18.7,78,0.535,12.2
23,35.4,21.1,4,4.8,1.3,0.3,0.48,0.411,0.855,3.8,0.131,0.608695652,7,5.09,117.9,112.8,96.8,0.211,0.563,11.9,24.7,77.9,0.547,13
29,18.4,9.7,3.8,0.8,0.2,0.3,0.446,0.37,0.917,1.4,0.105,0.422222222,24,-5.91,105.2,111.1,100.2,0.233,0.522,13.4,18.2,78.3,0.534,11.7
23,17.6,6.9,2.1,1.6,0.8,0.2,0.377,0.333,0.8,0.4,0.027,0.266666667,27,-3.93,108.2,112.2,97.4,0.276,0.513,13.1,22.2,76.8,0.545,13.3
23,18.5,7.5,3,1.5,0.5,0,0.462,0.375,,-0.1,-0.067,0.422222222,24,-5.91,105.2,111.1,100.2,0.233,0.522,13.4,18.2,78.3,0.534,11.7
27,14.8,6.7,2.6,0.8,0.4,0.4,0.491,0.419,0.757,0.8,0.104,0.688888889,3,6.38,115.4,108.9,97.1,0.209,0.559,12.1,20.2,78.5,0.52,12.1
28,33.2,9.6,6.7,3,1.8,0.6,0.49,0.369,0.613,1.6,0.09,0.369565217,26,-7.5,105.1,112.7,97.4,0.257,0.504,14,24.9,75.8,0.55,14
21,15.2,4,2.3,0.4,0.2,0.2,0.389,0.352,0.667,0.2,0.036,0.5,11,1.17,114.2,113,97.9,0.239,0.543,12.4,25,77.2,0.54,12.9
28,20.7,7.7,2.2,2.3,1.2,0.1,0.436,0.359,0.85,1,0.065,0.363636364,25,-4.89,109.6,114.2,104.2,0.302,0.526,12.6,19.9,76.9,0.545,12.8
27,13.5,5.1,2.2,0.7,0.3,0.1,0.415,0.366,1,0.8,0.066,0.755555556,1,8.8,118,109.1,98.9,0.25,0.564,12.7,25.3,78.4,0.508,10.4
20,10.5,3.6,1.4,0.2,0.1,0.1,0.529,0.436,0.714,0.6,0.097,0.608695652,7,5.09,117.9,112.8,96.8,0.211,0.563,11.9,24.7,77.9,0.547,13
26,22.5,4.8,6,0.6,1,2,0.622,0,0.658,2.5,0.141,0.52173913,14,0.57,109.2,108.6,96.1,0.249,0.514,12.4,23.6,79.2,0.514,11.7
21,18.5,10.4,2.3,1.3,0.5,0.3,0.464,0.39,0.825,0.9,0.082,0.239130435,30,-8,106.9,114.7,101.5,0.231,0.51,12.5,22.1,75.9,0.55,13.2
22,15,4.6,1.1,0.8,0.9,0.1,0.371,0.472,0.5,0.3,0.059,0.52173913,14,0.57,109.2,108.6,96.1,0.249,0.514,12.4,23.6,79.2,0.514,11.7
25,28.6,13,3.2,2.7,1.1,0.3,0.443,0.353,0.927,1.1,0.054,0.47826087,20,-1.52,108.6,110.1,97.2,0.253,0.534,13.8,19.2,77.1,0.531,13.6
26,23.3,9.8,7.7,2.8,0.9,0.9,0.485,0.25,0.556,0.3,0.057,0.608695652,9,-0.72,116.8,117.6,98,0.234,0.536,10.2,22.9,76.4,0.555,11.5
28,22.6,9.2,3.9,1,1,0.7,0.488,0.27,0.691,1.6,0.11,0.288888889,29,-6.07,105.6,111.6,101.3,0.251,0.512,12.8,19.1,76.8,0.537,13.4
22,7.5,4.6,1.4,0,0.4,0.2,0.459,0.5,0.9,0,0.028,0.644444444,5,6.71,116.8,110.3,101.9,0.229,0.566,12.2,23.8,80.3,0.532,11.4
27,32.5,7.6,6.7,2.6,0.8,0.5,0.447,0.416,0.844,3.3,0.12,0.755555556,1,8.8,118,109.1,98.9,0.25,0.564,12.7,25.3,78.4,0.508,10.4
26,19.1,5.4,2.8,0.8,0.3,0,0.405,0.38,0.733,1,0.065,0.5,11,1.17,114.2,113,97.9,0.239,0.543,12.4,25,77.2,0.54,12.9
25,10,4.3,2.3,0.3,0.2,0.2,0.595,0,0.5,0.3,0.1,0.266666667,27,-3.93,108.2,112.2,97.4,0.276,0.513,13.1,22.2,76.8,0.545,13.3
22,22,4.6,3.6,1.9,0.8,0.4,0.367,0.349,0.643,0.6,0.05,0.326086957,28,-6.65,105.7,112.5,98.4,0.217,0.498,11.9,21.8,80.2,0.544,11.5
22,19.8,4.7,2.5,1.2,0.8,0.4,0.342,0.219,0.814,0.4,0.024,0.239130435,30,-8,106.9,114.7,101.5,0.231,0.51,12.5,22.1,75.9,0.55,13.2
20,9.4,2.9,2.4,0.3,0.4,0.6,0.585,0,0.6,0.4,0.107,0.5,12,1.52,115,113.5,97.3,0.282,0.532,12.4,25.6,76.8,0.526,11.3
20,32.5,8,2.8,1.9,1.1,0.5,0.412,0.306,0.677,0.2,0.008,0.369565217,26,-7.5,105.1,112.7,97.4,0.257,0.504,14,24.9,75.8,0.55,14
21,12.9,2.7,2,0.4,0.2,0.3,0.409,0.297,0.333,0.2,0.027,0.47826087,20,-1.52,108.6,110.1,97.2,0.253,0.534,13.8,19.2,77.1,0.531,13.6
28,33.3,20,5.7,4.2,1.7,0.2,0.421,0.362,0.73,0.4,0.069,0.477272727,13,0.3,111.7,111.4,100,0.227,0.541,12.2,20.1,76.5,0.537,13.5
28,33.5,21.2,4.8,5,1.2,0.5,0.407,0.32,0.783,0.3,0.023,0.288888889,29,-6.07,105.6,111.6,101.3,0.251,0.512,12.8,19.1,76.8,0.537,13.4
29,27.2,10.3,6,2.1,1,0.6,0.438,0.322,0.775,2.1,0.09,0.47826087,20,-1.52,108.6,110.1,97.2,0.253,0.534,13.8,19.2,77.1,0.531,13.6
23,7.9,1.8,1.7,0.2,0.1,0.1,0.381,0.4,0.833,0.4,0.092,0.755555556,1,8.8,118,109.1,98.9,0.25,0.564,12.7,25.3,78.4,0.508,10.4
25,25.3,10.2,3.6,2.8,1,0.1,0.359,0.318,0.794,0.7,0.032,0.369565217,26,-7.5,105.1,112.7,97.4,0.257,0.504,14,24.9,75.8,0.55,14
21,4.8,1.7,1.3,0.4,0,0.2,0.5,0,1,0.1,0.074,0.659574468,4,6.32,118.2,111.7,97.3,0.231,0.566,11.8,22.5,79.9,0.537,12
25,30.4,14.9,5.8,1.3,1.1,0.8,0.434,0.302,0.705,1.4,0.054,0.47826087,18,-1.22,109.4,110.6,102.7,0.249,0.54,13,17.1,76.3,0.524,13.2
25,9,2.7,2,0.3,0,0.3,0.571,0,,0,-0.081,0.456521739,21,-3.8,114.6,118.4,100,0.258,0.551,12,22.9,76,0.559,11.4
24,17.4,9.5,3.2,1.3,0.3,0.2,0.493,0.306,0.718,0.8,0.059,0.47826087,18,-1.22,109.4,110.6,102.7,0.249,0.54,13,17.1,76.3,0.524,13.2
25,6,0,1,1,0,0,0,0,,-0.1,-1.122,0.363636364,25,-4.89,109.6,114.2,104.2,0.302,0.526,12.6,19.9,76.9,0.545,12.8
31,12.7,4.6,2.1,0.5,0.4,0.1,0.453,0.361,0.667,0.3,0.068,0.659574468,4,6.32,118.2,111.7,97.3,0.231,0.566,11.8,22.5,79.9,0.537,12
23,21.4,6,4.1,1.2,1.1,1.3,0.415,0.29,0.75,0.5,0.092,0.288888889,29,-6.07,105.6,111.6,101.3,0.251,0.512,12.8,19.1,76.8,0.537,13.4
35,31.8,15.9,4.8,8.8,1.4,0.3,0.483,0.38,0.943,5,0.189,0.688888889,3,6.38,115.4,108.9,97.1,0.209,0.559,12.1,20.2,78.5,0.52,12.1
26,16.9,7.1,2.1,3.7,0.5,0.2,0.497,0.458,0.917,1.7,0.161,0.688888889,3,6.38,115.4,108.9,97.1,0.209,0.559,12.1,20.2,78.5,0.52,12.1
26,28.1,12.6,3.8,3.7,0.7,0.2,0.437,0.25,0.737,0.7,0.037,0.52173913,14,0.57,109.2,108.6,96.1,0.249,0.514,12.4,23.6,79.2,0.514,11.7
27,9.3,2,2.3,0,0,1,0.429,,,0,-0.068,0.318181818,6,4.15,118.4,114.3,99.6,0.262,0.577,12.4,21.7,77.7,0.536,11.1
27,4,3,1,1,0,0,0,,0.75,0,0.366,0.456521739,21,-3.8,114.6,118.4,100,0.258,0.551,12,22.9,76,0.559,11.4
20,10.5,3.6,3.6,0.9,0.1,0.4,0.412,0.167,0.667,0.1,0.024,0.318181818,6,4.15,118.4,114.3,99.6,0.262,0.577,12.4,21.7,77.7,0.536,11.1
25,2.2,0.2,0.2,0.1,0,0,0.125,0,,-0.1,-0.233,0.52173913,14,0.57,109.2,108.6,96.1,0.249,0.514,12.4,23.6,79.2,0.514,11.7
30,27.6,10.3,9.5,3.6,0.9,0.9,0.608,0,0.658,3.6,0.157,0.266666667,27,-3.93,108.2,112.2,97.4,0.276,0.513,13.1,22.2,76.8,0.545,13.3
25,24.3,7.1,7.7,1.8,0.6,1.5,0.612,,0.373,2.8,0.14,0.534883721,17,-0.81,109.8,110.6,99.2,0.231,0.517,10.3,18.7,78,0.535,12.2
27,3.9,0.8,1.3,0.2,0,0.3,0.25,0,0.333,-0.1,-0.093,0.695652174,2,5.24,112.8,107.6,100.6,0.298,0.542,13.6,24.1,78.8,0.518,13.3
19,20.9,5,4.7,1.5,0.5,1,0.268,0.221,0.917,-0.8,-0.084,0.422222222,24,-5.91,105.2,111.1,100.2,0.233,0.522,13.4,18.2,78.3,0.534,11.7
21,14.9,10.4,1.5,1.4,0.4,0.1,0.5,0.396,0.917,1.2,0.172,0.47826087,18,-1.22,109.4,110.6,102.7,0.249,0.54,13,17.1,76.3,0.524,13.2
21,3,0,3,0,0,0,0,0,,0,-0.406,0.488372093,16,0.14,110.2,110,100.8,0.222,0.518,11.8,24.3,79.6,0.544,14.3
20,29.1,14.9,2.7,6.4,1.3,0.7,0.418,0.209,0.65,0,-0.01,0.288888889,29,-6.07,105.6,111.6,101.3,0.251,0.512,12.8,19.1,76.8,0.537,13.4
22,29.3,15.9,7.4,0.9,0.8,1,0.523,0.416,0.754,3.1,0.158,0.608695652,7,5.09,117.9,112.8,96.8,0.211,0.563,11.9,24.7,77.9,0.547,13
27,21.9,10.4,5.5,2,0.5,0.2,0.44,0.413,0.838,1.3,0.12,0.431818182,22,-0.98,111.1,112,100.6,0.211,0.549,14.1,22,79.6,0.537,11.9
25,21,10.6,6.8,1,0.8,0.4,0.532,0.467,0.714,3,0.168,0.644444444,5,6.71,116.8,110.3,101.9,0.229,0.566,12.2,23.8,80.3,0.532,11.4
25,30.3,19.7,8.6,1.3,0.4,1.6,0.48,0.369,0.843,2.3,0.139,0.522727273,10,0.77,114.4,113.6,97.5,0.251,0.548,11.3,19.8,77.7,0.537,11.4
29,14.5,4.4,3.3,0.8,0.5,0.3,0.474,0.182,0.762,1,0.118,0.522727273,10,0.77,114.4,113.6,97.5,0.251,0.548,11.3,19.8,77.7,0.537,11.4
27,30.4,19.6,3.1,1.8,1.1,0.2,0.496,0.444,0.872,3,0.119,0.391304348,23,-0.09,112.7,112.8,99.7,0.246,0.535,12.1,20.4,76,0.542,14.4
26,18.2,8.1,2.8,0.6,0.7,0.7,0.405,0.351,0.889,0.3,0.062,0.318181818,6,4.15,118.4,114.3,99.6,0.262,0.577,12.4,21.7,77.7,0.536,11.1
26,23.6,8.5,4.1,2.5,0.6,0.6,0.366,0.406,0.808,0.4,0.046,0.369565217,26,-7.5,105.1,112.7,97.4,0.257,0.504,14,24.9,75.8,0.55,14
23,20.3,7.2,2.1,2.1,0.6,0.1,0.455,0.41,0.9,1.2,0.078,0.5,11,1.17,114.2,113,97.9,0.239,0.543,12.4,25,77.2,0.54,12.9
21,20,12.7,2.3,2.3,0.5,0.2,0.393,0.371,0.886,2.1,0.131,0.52173913,14,0.57,109.2,108.6,96.1,0.249,0.514,12.4,23.6,79.2,0.514,11.7
19,3.4,1.4,0.8,0.2,0,0.2,0.6,0.333,,0,0.06,0.456521739,21,-3.8,114.6,118.4,100,0.258,0.551,12,22.9,76,0.559,11.4
27,21.7,5.7,2.1,2.7,0.4,0.1,0.419,0.357,0.813,0.3,0.055,0.326086957,28,-6.65,105.7,112.5,98.4,0.217,0.498,11.9,21.8,80.2,0.544,11.5
26,37,23,11,6,0.9,0.2,0.47,0.414,0.79,4.9,0.147,0.52173913,14,0.57,109.2,108.6,96.1,0.249,0.514,12.4,23.6,79.2,0.514,11.7
21,28.8,11.2,4,1.3,1.3,0.3,0.365,0.262,0.817,0.5,0.031,0.5,12,1.52,115,113.5,97.3,0.282,0.532,12.4,25.6,76.8,0.526,11.3
36,18.6,8.7,1.7,1.3,0.3,0.1,0.407,0.364,0.957,0.7,0.058,0.444444444,19,0.58,116.6,116,98.5,0.284,0.55,12.4,27.2,79.8,0.559,11.7
21,9.1,3.1,1.7,0.4,0.1,0.7,0.458,0,,0,0.008,0.695652174,2,5.24,112.8,107.6,100.6,0.298,0.542,13.6,24.1,78.8,0.518,13.3
21,19.9,11.5,4.6,1.2,0.6,1.2,0.52,0.33,0.723,1.9,0.117,0.239130435,30,-8,106.9,114.7,101.5,0.231,0.51,12.5,22.1,75.9,0.55,13.2
23,3.3,1.3,0.8,0,0,0,0.5,,0.636,0.1,0.098,0.511111111,15,-0.69,111.9,112.6,99.3,0.246,0.542,13.9,23.5,76.5,0.553,13.5
27,32,13.3,3.3,2.7,1,0.4,0.448,0.319,0.933,1.7,0.079,0.522727273,10,0.77,114.4,113.6,97.5,0.251,0.548,11.3,19.8,77.7,0.537,11.4
28,21,7.3,2.2,2,0.6,0,0.43,0.364,0.714,0.5,0.06,0.52173913,14,0.57,109.2,108.6,96.1,0.249,0.514,12.4,23.6,79.2,0.514,11.7
29,12.6,1.2,3,0.8,0.6,0.2,0.143,0.125,0.5,-0.1,-0.043,0.318181818,6,4.15,118.4,114.3,99.6,0.262,0.577,12.4,21.7,77.7,0.536,11.1
26,33,12.7,3.9,1.7,0.6,0.2,0.417,0.382,0.83,2,0.067,0.47826087,20,-1.52,108.6,110.1,97.2,0.253,0.534,13.8,19.2,77.1,0.531,13.6
27,16,5.3,2,0.9,0.2,0.1,0.424,0.364,0.913,0.2,0.026,0.456521739,21,-3.8,114.6,118.4,100,0.258,0.551,12,22.9,76,0.559,11.4
23,17,5.2,2.5,1.4,0.5,0.2,0.328,0.29,0.882,-0.1,-0.021,0.363636364,25,-4.89,109.6,114.2,104.2,0.302,0.526,12.6,19.9,76.9,0.545,12.8
22,28.4,8.3,8.3,0.5,1.1,1.5,0.652,,0.458,3,0.182,0.52173913,14,0.57,109.2,108.6,96.1,0.249,0.514,12.4,23.6,79.2,0.514,11.7
22,22.5,9,5.5,1.8,0.8,0.6,0.53,0.333,0.747,1.8,0.108,0.422222222,24,-5.91,105.2,111.1,100.2,0.233,0.522,13.4,18.2,78.3,0.534,11.7
34,15,4,2,3.6,0.7,0.1,0.41,0.378,0.5,0.2,0.028,0.5,12,1.52,115,113.5,97.3,0.282,0.532,12.4,25.6,76.8,0.526,11.3
32,22.8,14.2,1.9,4.2,1.2,0.3,0.429,0.333,0.84,0.4,0.056,0.266666667,27,-3.93,108.2,112.2,97.4,0.276,0.513,13.1,22.2,76.8,0.545,13.3
32,24.6,12.5,2.6,4.9,1.1,0.6,0.431,0.455,0.875,0.5,0.095,0.52173913,14,0.57,109.2,108.6,96.1,0.249,0.514,12.4,23.6,79.2,0.514,11.7
29,29.6,16,3.5,2.3,1.1,0.5,0.414,0.36,0.894,1,0.044,0.326086957,28,-6.65,105.7,112.5,98.4,0.217,0.498,11.9,21.8,80.2,0.544,11.5
26,32.9,20.1,3.8,3.2,1.4,0.3,0.476,0.419,0.842,3.1,0.115,0.511111111,15,-0.69,111.9,112.6,99.3,0.246,0.542,13.9,23.5,76.5,0.553,13.5
30,26.1,8.7,3.1,6.7,1.3,0,0.408,0.324,0.835,1.7,0.079,0.239130435,30,-8,106.9,114.7,101.5,0.231,0.51,12.5,22.1,75.9,0.55,13.2
24,29.2,19.3,2.6,5.1,1.1,0.5,0.426,0.399,0.75,0.4,0.036,0.239130435,30,-8,106.9,114.7,101.5,0.231,0.51,12.5,22.1,75.9,0.55,13.2
24,36.3,20.2,11.3,6.2,1.2,0.6,0.525,0.321,0.717,4.4,0.142,0.477272727,13,0.3,111.7,111.4,100,0.227,0.541,12.2,20.1,76.5,0.537,13.5
21,9.6,3.8,2.5,0.2,0.2,0.2,0.425,0.333,0.538,0.1,0.032,0.534883721,17,-0.81,109.8,110.6,99.2,0.231,0.517,10.3,18.7,78,0.535,12.2
27,6.5,2.6,1.9,0.1,0.1,0.2,0.469,0.2,0.8,0.1,0.049,0.477272727,13,0.3,111.7,111.4,100,0.227,0.541,12.2,20.1,76.5,0.537,13.5
26,19,10.6,4.3,1.3,0.6,0.1,0.473,0.359,0.889,0.9,0.099,0.688888889,3,6.38,115.4,108.9,97.1,0.209,0.559,12.1,20.2,78.5,0.52,12.1
29,22.2,7.4,2.6,4.8,0.7,0.2,0.51,0.421,0.902,1.7,0.122,0.431818182,22,-0.98,111.1,112,100.6,0.211,0.549,14.1,22,79.6,0.537,11.9
27,31.4,15,3.5,4.6,1,0.2,0.436,0.315,0.831,2.1,0.084,0.638297872,8,4.68,110.7,106,98.9,0.277,0.541,13.6,22.6,79.8,0.519,13.3
32,16.8,4,2.7,0.5,0.5,0.1,0.393,0.359,0.6,0.5,0.056,0.695652174,2,5.24,112.8,107.6,100.6,0.298,0.542,13.6,24.1,78.8,0.518,13.3
22,36.1,24.2,2.7,4.2,1.1,0.1,0.48,0.398,0.806,2.2,0.08,0.369565217,26,-7.5,105.1,112.7,97.4,0.257,0.504,14,24.9,75.8,0.55,14
23,20.1,7.8,1.8,1.1,0.5,0.1,0.391,0.374,0.837,0.8,0.047,0.318181818,6,4.15,118.4,114.3,99.6,0.262,0.577,12.4,21.7,77.7,0.536,11.1
30,5.5,1,0.5,0,0.5,0,0.25,0,,0,-0.211,0.318181818,6,4.15,118.4,114.3,99.6,0.262,0.577,12.4,21.7,77.7,0.536,11.1
26,35.3,19.7,7.2,4.8,1.2,0.7,0.445,0.297,0.817,2.4,0.101,0.391304348,23,-0.09,112.7,112.8,99.7,0.246,0.535,12.1,20.4,76,0.542,14.4
24,7.5,2.7,2.3,0.5,0.1,0.5,0.692,1,0.733,0.2,0.143,0.47826087,20,-1.52,108.6,110.1,97.2,0.253,0.534,13.8,19.2,77.1,0.531,13.6
24,34.1,15.9,8,7.7,1.5,0.7,0.567,0.375,0.651,3.9,0.158,0.695652174,2,5.24,112.8,107.6,100.6,0.298,0.542,13.6,24.1,78.8,0.518,13.3
21,16.6,8,2.3,1.4,0.2,0.1,0.394,0.409,0.8,0.5,0.042,0.608695652,9,-0.72,116.8,117.6,98,0.234,0.536,10.2,22.9,76.4,0.555,11.5
20,1.7,0.1,0.3,0.1,0.1,0,0,0,0.5,-0.1,-0.227,0.266666667,27,-3.93,108.2,112.2,97.4,0.276,0.513,13.1,22.2,76.8,0.545,13.3
20,4.3,1.7,0,0,0,0,0.286,0.25,0,-0.1,-0.248,0.47826087,18,-1.22,109.4,110.6,102.7,0.249,0.54,13,17.1,76.3,0.524,13.2
26,30.8,12.6,2.7,5.4,1.6,0.5,0.401,0.333,0.78,1.7,0.112,0.5,11,1.17,114.2,113,97.9,0.239,0.543,12.4,25,77.2,0.54,12.9
23,9.3,3,0.7,1,1,0,0.2,0,0.833,0,-0.015,0.52173913,14,0.57,109.2,108.6,96.1,0.249,0.514,12.4,23.6,79.2,0.514,11.7
23,20.4,7.9,3,3.9,1.1,0.8,0.412,0.362,0.7,0.5,0.083,0.266666667,27,-3.93,108.2,112.2,97.4,0.276,0.513,13.1,22.2,76.8,0.545,13.3
32,20.6,5.2,3.5,4.7,0.8,0.2,0.379,0.25,0.4,0.1,0.018,0.363636364,25,-4.89,109.6,114.2,104.2,0.302,0.526,12.6,19.9,76.9,0.545,12.8
20,4.6,1.4,1.1,0.1,0,0.1,0.381,0.222,0.333,0,-0.013,0.688888889,3,6.38,115.4,108.9,97.1,0.209,0.559,12.1,20.2,78.5,0.52,12.1
29,19.3,5.3,2.2,1.4,0.2,0.3,0.509,0.566,1,1.2,0.107,0.5,12,1.52,115,113.5,97.3,0.282,0.532,12.4,25.6,76.8,0.526,11.3
23,9.5,2,2,0,0,1,0.5,0,0,-0.1,-0.171,0.288888889,29,-6.07,105.6,111.6,101.3,0.251,0.512,12.8,19.1,76.8,0.537,13.4
21,2.7,1.1,0.5,0,0,0.2,0.273,0.25,0.8,0,-0.034,0.477272727,13,0.3,111.7,111.4,100,0.227,0.541,12.2,20.1,76.5,0.537,13.5
23,13.7,4.4,2.7,0.9,0.4,0.3,0.41,0.105,0.714,0.3,0.036,0.369565217,26,-7.5,105.1,112.7,97.4,0.257,0.504,14,24.9,75.8,0.55,14
19,19.1,6.1,5.9,0.8,0.6,1,0.567,0.462,0.675,2,0.127,0.266666667,27,-3.93,108.2,112.2,97.4,0.276,0.513,13.1,22.2,76.8,0.545,13.3
24,14,6.8,1,0.5,0.1,0,0.463,0.364,0.714,0.6,0.101,0.47826087,20,-1.52,108.6,110.1,97.2,0.253,0.534,13.8,19.2,77.1,0.531,13.6
25,11.7,5,1.4,0.4,0.5,0.1,0.5,0.343,0.788,0.3,0.043,0.477272727,13,0.3,111.7,111.4,100,0.227,0.541,12.2,20.1,76.5,0.537,13.5
25,28,10.1,5.3,1.7,1.1,0.5,0.514,0.312,0.726,2.3,0.098,0.288888889,29,-6.07,105.6,111.6,101.3,0.251,0.512,12.8,19.1,76.8,0.537,13.4
22,35.5,24.9,6.8,4.3,1.3,0.4,0.447,0.381,0.855,3.2,0.117,0.5,11,1.17,114.2,113,97.9,0.239,0.543,12.4,25,77.2,0.54,12.9
32,17.5,6,1.7,2,0.8,0.2,0.373,0.42,0.865,0.4,0.034,0.5,11,1.17,114.2,113,97.9,0.239,0.543,12.4,25,77.2,0.54,12.9
34,27.9,8.5,3.1,2,0.9,0.5,0.425,0.343,0.816,1.3,0.062,0.431818182,22,-0.98,111.1,112,100.6,0.211,0.549,14.1,22,79.6,0.537,11.9
20,5.1,1,0.5,0.5,0.5,0,0.313,0,0.333,-0.1,-0.057,0.522727273,10,0.77,114.4,113.6,97.5,0.251,0.548,11.3,19.8,77.7,0.537,11.4
28,24.3,9.4,5.3,1.6,0.6,1,0.562,0.337,0.688,2.8,0.136,0.5,11,1.17,114.2,113,97.9,0.239,0.543,12.4,25,77.2,0.54,12.9
24,6,2.5,1,1,0.3,0.3,0.286,0.167,0.714,0,-0.051,0.288888889,29,-6.07,105.6,111.6,101.3,0.251,0.512,12.8,19.1,76.8,0.537,13.4
24,8.7,5.3,0.3,1,0.3,0,0.6,0.5,1,0.1,0.265,0.369565217,26,-7.5,105.1,112.7,97.4,0.257,0.504,14,24.9,75.8,0.55,14
26,7.5,2.6,0.8,0.4,0.1,0,0.379,0.385,0.857,0.1,0.016,0.391304348,23,-0.09,112.7,112.8,99.7,0.246,0.535,12.1,20.4,76,0.542,14.4
29,22.5,7.9,8.4,1,0.4,0.4,0.534,0,0.6,2,0.12,0.5,11,1.17,114.2,113,97.9,0.239,0.543,12.4,25,77.2,0.54,12.9
26,5.2,1.2,0.4,0.3,0.4,0.1,0.333,0.333,0,-0.1,-0.066,0.444444444,19,0.58,116.6,116,98.5,0.284,0.55,12.4,27.2,79.8,0.559,11.7
23,18.8,3.8,1.8,1,1.5,1,0.417,0.321,0.571,1.8,0.118,0.695652174,2,5.24,112.8,107.6,100.6,0.298,0.542,13.6,24.1,78.8,0.518,13.3
22,7.5,1.8,1.3,0.3,0.3,0.8,0.2,0.4,0.5,0,-0.022,0.488372093,16,0.14,110.2,110,100.8,0.222,0.518,11.8,24.3,79.6,0.544,14.3
22,19.1,6.6,4.3,1.5,0.9,0.6,0.523,0.278,0.741,1.5,0.118,0.488372093,16,0.14,110.2,110,100.8,0.222,0.518,11.8,24.3,79.6,0.544,14.3
22,12,4.3,2.3,0.5,0.2,0.3,0.479,0.304,0.733,0.6,0.069,0.52173913,14,0.57,109.2,108.6,96.1,0.249,0.514,12.4,23.6,79.2,0.514,11.7
27,19.1,5,4.1,2.3,0.6,0.5,0.528,0.4,0.722,1.2,0.106,0.47826087,18,-1.22,109.4,110.6,102.7,0.249,0.54,13,17.1,76.3,0.524,13.2
25,33.4,23.1,10.2,4.2,0.8,1.6,0.513,0.385,0.865,2.1,0.139,0.239130435,30,-8,106.9,114.7,101.5,0.231,0.51,12.5,22.1,75.9,0.55,13.2
22,30.9,15.1,2.3,1.5,0.9,0.2,0.414,0.393,0.767,1.3,0.049,0.608695652,9,-0.72,116.8,117.6,98,0.234,0.536,10.2,22.9,76.4,0.555,11.5
35,30,4.4,4.6,1.4,0.9,0.6,0.366,0.314,0.783,0.7,0.034,0.288888889,29,-6.07,105.6,111.6,101.3,0.251,0.512,12.8,19.1,76.8,0.537,13.4
35,13,0,3,0,0,1,0,0,,0,0.024,0.644444444,5,6.71,116.8,110.3,101.9,0.229,0.566,12.2,23.8,80.3,0.532,11.4
23,3,4,0,1,0,0,,,1,0.1,1.134,0.695652174,2,5.24,112.8,107.6,100.6,0.298,0.542,13.6,24.1,78.8,0.518,13.3
24,30.8,13.2,6.5,1,0.9,3.4,0.485,0.329,0.784,3.3,0.131,0.477272727,13,0.3,111.7,111.4,100,0.227,0.541,12.2,20.1,76.5,0.537,13.5
28,27.5,15.9,12.1,1.8,0.6,0.7,0.556,0.324,0.738,3.3,0.168,0.488372093,16,0.14,110.2,110,100.8,0.222,0.518,11.8,24.3,79.6,0.544,14.3
27,18.6,7.6,3.9,1.7,0.7,0,0.384,0.348,1,0.8,0.058,0.431818182,22,-0.98,111.1,112,100.6,0.211,0.549,14.1,22,79.6,0.537,11.9
21,18.4,5.8,5.7,1.4,1,0.7,0.61,0.5,0.583,1.8,0.12,0.239130435,30,-8,106.9,114.7,101.5,0.231,0.51,12.5,22.1,75.9,0.55,13.2
26,36.8,19.9,4.3,6.6,1.8,0.8,0.392,0.372,0.897,3.3,0.116,0.391304348,23,-0.09,112.7,112.8,99.7,0.246,0.535,12.1,20.4,76,0.542,14.4
20,17.4,5.5,3.1,1.1,1,0.3,0.413,0.41,0.826,1.2,0.1,0.534883721,17,-0.81,109.8,110.6,99.2,0.231,0.517,10.3,18.7,78,0.535,12.2
24,14.4,5.9,1.1,1.3,0.5,0.1,0.383,0.281,0.905,0.1,0.008,0.47826087,20,-1.52,108.6,110.1,97.2,0.253,0.534,13.8,19.2,77.1,0.531,13.6
25,2.8,0,0.3,0.3,0,0,0,0,,-0.1,-0.487,0.318181818,6,4.15,118.4,114.3,99.6,0.262,0.577,12.4,21.7,77.7,0.536,11.1
30,34.1,24.6,11.8,3.8,1,0.6,0.483,0.407,0.832,4.4,0.146,0.326086957,28,-6.65,105.7,112.5,98.4,0.217,0.498,11.9,21.8,80.2,0.544,11.5
24,12.4,3.9,2.3,0.7,0.2,0.3,0.426,0.39,0.667,0.7,0.076,0.369565217,26,-7.5,105.1,112.7,97.4,0.257,0.504,14,24.9,75.8,0.55,14
23,14.7,7,3,1.2,0.9,0.3,0.5,0.3,0.771,0.8,0.114,0.363636364,25,-4.89,109.6,114.2,104.2,0.302,0.526,12.6,19.9,76.9,0.545,12.8
30,30.5,17.7,3.6,4.6,1.1,0.3,0.39,0.355,0.923,1.2,0.074,0.5,11,1.17,114.2,113,97.9,0.239,0.543,12.4,25,77.2,0.54,12.9
22,26.6,11.8,2.9,1.7,0.5,0.4,0.426,0.358,0.795,0.6,0.03,0.534883721,17,-0.81,109.8,110.6,99.2,0.231,0.517,10.3,18.7,78,0.535,12.2
30,31.7,21.1,3.2,6.1,0.9,0.7,0.423,0.333,0.739,0.4,0.022,0.288888889,29,-6.07,105.6,111.6,101.3,0.251,0.512,12.8,19.1,76.8,0.537,13.4
31,16,4.7,1.7,2.5,0.7,0.2,0.353,0.213,0.893,0.4,0.034,0.47826087,18,-1.22,109.4,110.6,102.7,0.249,0.54,13,17.1,76.3,0.524,13.2
27,29.3,15.5,3.5,1.3,0.5,0,0.529,0,0.8,0.1,0.051,0.477272727,13,0.3,111.7,111.4,100,0.227,0.541,12.2,20.1,76.5,0.537,13.5
22,29.4,12.4,6.2,2.8,1,1.2,0.455,0.411,0.8,1.8,0.078,0.511111111,15,-0.69,111.9,112.6,99.3,0.246,0.542,13.9,23.5,76.5,0.553,13.5
26,11.6,2.5,3,0.5,0.4,0.5,0.313,0.371,0.9,0.4,0.057,0.391304348,23,-0.09,112.7,112.8,99.7,0.246,0.535,12.1,20.4,76,0.542,14.4
23,9.8,3.3,0.8,3,0.6,0,0.323,0.4,0.875,0,0.02,0.5,11,1.17,114.2,113,97.9,0.239,0.543,12.4,25,77.2,0.54,12.9
26,8.7,2.5,1.2,0.4,0.2,0.1,0.432,0.424,0.5,0.2,0.054,0.391304348,23,-0.09,112.7,112.8,99.7,0.246,0.535,12.1,20.4,76,0.542,14.4
24,4.9,0.8,0.4,0.5,0.5,0.1,0.286,0,1,-0.1,-0.157,0.534883721,17,-0.81,109.8,110.6,99.2,0.231,0.517,10.3,18.7,78,0.535,12.2
32,34.9,22,9.7,10.2,1.3,0.3,0.443,0.319,0.606,0.7,0.027,0.363636364,25,-4.89,109.6,114.2,104.2,0.302,0.526,12.6,19.9,76.9,0.545,12.8
20,32,15.3,4.7,4.7,0.5,0.1,0.412,0.352,0.892,1.3,0.046,0.431818182,22,-0.98,111.1,112,100.6,0.211,0.549,14.1,22,79.6,0.537,11.9
26,26.1,12.2,2.4,3.5,0.7,1,0.37,0.301,0.857,0.3,0.041,0.534883721,17,-0.81,109.8,110.6,99.2,0.231,0.517,10.3,18.7,78,0.535,12.2
31,14.8,8.1,5.8,0.5,0.2,1.3,0.556,0,0.524,0.6,0.071,0.456521739,21,-3.8,114.6,118.4,100,0.258,0.551,12,22.9,76,0.559,11.4
27,3,0,0,0,0,0,0,0,,-0.1,-0.265,0.608695652,7,5.09,117.9,112.8,96.8,0.211,0.563,11.9,24.7,77.9,0.547,13
25,32.2,17.8,4.7,2.1,1,1,0.47,0.379,0.695,1.9,0.067,0.47826087,18,-1.22,109.4,110.6,102.7,0.249,0.54,13,17.1,76.3,0.524,13.2
22,18.2,4.9,3,0.9,0.5,0.4,0.44,0.412,0.543,0.7,0.053,0.5,11,1.17,114.2,113,97.9,0.239,0.543,12.4,25,77.2,0.54,12.9
26,19.5,6.8,4.1,1.8,0.7,0.2,0.568,0.417,0.541,2.1,0.122,0.422222222,24,-5.91,105.2,111.1,100.2,0.233,0.522,13.4,18.2,78.3,0.534,11.7
34,22.3,12.3,2.2,3.5,1,0.1,0.422,0.389,0.86,1.6,0.084,0.659574468,4,6.32,118.2,111.7,97.3,0.231,0.566,11.8,22.5,79.9,0.537,12
19,28.3,9.9,5,1.3,0.7,0.8,0.469,0.396,0.773,1.3,0.056,0.431818182,22,-0.98,111.1,112,100.6,0.211,0.549,14.1,22,79.6,0.537,11.9
23,16.8,7.5,6.4,1.3,0.9,1.7,0.727,0,0.636,3.1,0.254,0.5,11,1.17,114.2,113,97.9,0.239,0.543,12.4,25,77.2,0.54,12.9
20,32.8,25.7,7,3.4,0.9,0.7,0.619,0.35,0.702,5.6,0.205,0.444444444,19,0.58,116.6,116,98.5,0.284,0.55,12.4,27.2,79.8,0.559,11.7
24,8.8,3.6,2.1,0.3,0.1,0.3,0.372,0.357,0.5,0.1,0.027,0.644444444,5,6.71,116.8,110.3,101.9,0.229,0.566,12.2,23.8,80.3,0.532,11.4
24,8,4,2,0,0,0,0.429,0.5,,0,0.067,0.288888889,29,-6.07,105.6,111.6,101.3,0.251,0.512,12.8,19.1,76.8,0.537,13.4
24,17.4,5.5,3.7,1.1,0.6,0.4,0.439,0.351,0.808,0.7,0.067,0.369565217,26,-7.5,105.1,112.7,97.4,0.257,0.504,14,24.9,75.8,0.55,14
24,21.3,7.8,5,1.6,0.4,0.5,0.348,0.152,0.571,-0.5,-0.091,0.488372093,16,0.14,110.2,110,100.8,0.222,0.518,11.8,24.3,79.6,0.544,14.3
22,6.4,2,0.6,1,0,0.1,0.417,0.444,1,0.1,0.111,0.363636364,25,-4.89,109.6,114.2,104.2,0.302,0.526,12.6,19.9,76.9,0.545,12.8
19,20.8,11.8,6,0.6,0.3,1,0.526,0.367,0.613,0.7,0.058,0.47826087,18,-1.22,109.4,110.6,102.7,0.249,0.54,13,17.1,76.3,0.524,13.2
25,31,22,10.1,1.4,0.9,1.6,0.563,0.398,0.679,2.1,0.163,0.288888889,29,-6.07,105.6,111.6,101.3,0.251,0.512,12.8,19.1,76.8,0.537,13.4
21,3,2.3,1.1,0,0,0,0.5,0.25,0.375,0,0,0.456521739,21,-3.8,114.6,118.4,100,0.258,0.551,12,22.9,76,0.559,11.4
28,29.3,10.5,4.6,5.1,1.5,0.5,0.465,0.356,0.789,3,0.139,0.266666667,27,-3.93,108.2,112.2,97.4,0.276,0.513,13.1,22.2,76.8,0.545,13.3
32,25.1,12.2,6.4,4.5,1.4,0.6,0.596,0.261,0.547,3.3,0.172,0.431818182,22,-0.98,111.1,112,100.6,0.211,0.549,14.1,22,79.6,0.537,11.9
22,34.2,25.7,4.1,9.4,0.8,0.2,0.431,0.365,0.872,4.8,0.169,0.5,12,1.52,115,113.5,97.3,0.282,0.532,12.4,25.6,76.8,0.526,11.3
28,22.5,9.2,7.1,2.3,0.7,0.5,0.506,0.15,0.702,1.4,0.126,0.511111111,15,-0.69,111.9,112.6,99.3,0.246,0.542,13.9,23.5,76.5,0.553,13.5
23,20.4,8.4,6.9,1.1,0.4,0.8,0.664,0,0.82,3.9,0.215,0.659574468,4,6.32,118.2,111.7,97.3,0.231,0.566,11.8,22.5,79.9,0.537,12
